Player Id,Year,Receiving TDs,Receiving Yards,Receptions,Fumbles,Team
79593,2013,0,0,0,0,TEN
81306,2016,0,117,8,0,BUF
81306,2015,1,59,2,0,CIN
81306,2014,1,193,17,0,CIN
81306,2013,0,6,1,0,CIN
1966,2014,1,350,33,0,ARI
1966,2013,1,344,32,0,MIN
2543689,2015,0,0,0,0,CAR
2543689,2014,0,102,9,0,SEA
2555230,2016,0,46,9,0,MIA
497226,2015,0,61,6,0,CLE
497226,2014,1,242,17,0,CLE
497226,2013,2,215,26,1,ARI
2543836,2016,0,93,5,0,DET
2543836,2015,1,132,10,0,DET
2534789,2013,0,121,14,0,LA
2543794,2016,1,71,8,0,BAL
2543794,2015,4,412,33,0,BAL
2543794,2014,1,121,10,0,BAL
2553499,2016,0,16,1,0,CAR
2552487,2016,5,1153,83,2,LV
2552487,2015,6,1070,72,1,LV
784,2013,0,4,1,0,TEN
2556118,2016,0,62,10,0,DET
497236,2016,6,923,65,2,SEA
497236,2015,2,605,48,0,SEA
497236,2014,10,889,85,2,NO
497236,2013,16,1215,86,0,NO
2530690,2016,1,115,8,1,SF
2530690,2015,0,97,9,0,SF
2530690,2014,0,11,1,0,GB
497260,2015,0,4,1,0,PHI
497260,2014,0,45,4,0,SD
497260,2013,1,64,3,0,SD
2552657,2015,0,18,2,0,SF
2543565,2016,0,0,0,0,SD
2543565,2015,0,7,1,0,NYG
2543565,2014,0,130,18,0,NYG
2555215,2016,1,29,3,0,MIA
324,2016,3,210,22,0,ATL
324,2015,1,657,59,0,ATL
324,2014,2,109,14,1,DEN
324,2013,1,184,20,0,DEN
2553796,2016,0,31,1,0,WAS
238498,2016,3,1106,98,1,NE
238498,2015,7,692,61,1,NE
238498,2014,4,972,92,2,NE
238498,2013,6,1056,105,0,NE
2495227,2013,1,102,11,0,NYG
2552458,2016,4,371,23,0,CAR
2552458,2015,5,473,31,1,CAR
2552415,2016,7,847,67,2,WAS
2552415,2015,2,604,59,2,WAS
2539303,2016,0,0,0,0,MIN
2539303,2015,1,95,6,0,MIN
2539303,2013,0,8,1,0,MIN
2508014,2014,0,0,0,0,NE
2508014,2013,0,0,0,0,CHI
2555218,2016,0,27,4,0,CLE
2555348,2016,1,99,15,0,HOU
2552374,2016,1,57,5,0,DET
2552374,2015,1,183,25,0,DET
2495450,2016,4,964,66,0,CIN
2495450,2015,10,1297,86,1,CIN
2495450,2014,6,1041,69,2,CIN
2495450,2013,11,1426,98,1,CIN
2495867,2015,1,208,19,0,MIA
2495867,2014,6,742,59,1,MIN
2495867,2013,4,804,68,0,MIN
71269,2016,8,1003,89,2,LV
71269,2015,9,922,85,1,LV
71269,2014,4,698,68,0,SF
71269,2013,1,284,19,0,SF
2540175,2016,2,616,75,1,PIT
2540175,2015,0,136,24,0,PIT
2540175,2014,3,854,83,0,PIT
2540175,2013,0,399,45,0,PIT
2552396,2016,1,161,19,0,JAX
2552631,2016,0,15,3,0,BAL
2552631,2015,2,353,45,0,BAL
2543498,2016,8,1173,78,1,NO
2543498,2015,9,1138,84,1,NO
2543498,2014,3,550,53,0,NO
497278,2016,8,796,50,1,DAL
497278,2015,3,401,31,0,DAL
497278,2014,16,1320,88,0,DAL
497278,2013,13,1233,93,3,DAL
2540158,2016,4,816,78,0,PHI
2540158,2015,2,853,75,1,PHI
2540158,2014,3,702,58,1,PHI
2540158,2013,4,469,36,0,PHI
2555341,2016,8,478,36,1,SD
2550512,2016,3,249,23,1,MIA
2550512,2015,1,142,21,0,MIA
2550512,2014,1,187,21,0,MIA
2534742,2014,0,24,2,0,TEN
2534742,2013,1,13,3,0,TEN
2508077,2013,0,51,1,0,ARI
2543628,2016,0,0,1,0,ARI
2543628,2015,2,33,4,0,ARI
2543628,2014,0,38,3,0,ARI
2507164,2016,0,8,3,0,MIN
2507164,2015,0,222,30,1,MIN
2507164,2014,0,18,2,0,MIN
2507164,2013,1,171,29,2,MIN
2530658,2014,0,3,1,0,DET
2495138,2013,0,22,1,0,LV
2532960,2014,1,215,17,1,NO
2532960,2013,0,68,4,0,NO
2556478,2016,0,41,4,0,CHI
2543695,2016,0,6,1,0,HOU
2543695,2015,0,0,0,0,HOU
2543695,2014,0,24,1,0,HOU
2543743,2016,3,163,27,1,SF
2543743,2015,0,53,11,0,SF
2543743,2014,0,68,12,0,SF
2555209,2016,0,46,7,0,BAL
2541135,2015,0,20,1,0,LA
2533012,2013,0,-5,1,0,IND
2550406,2016,1,1,1,0,ATL
2552375,2016,0,11,1,0,CAR
2552375,2015,0,58,5,0,CAR
2533460,2016,1,179,26,0,IND
2533460,2015,0,15,5,0,DAL
2533460,2015,0,8,2,0,CLE
2533460,2014,2,186,16,0,SEA
2533460,2013,0,60,8,0,SEA
497328,2016,5,1083,90,2,DEN
497328,2015,6,1304,105,2,DEN
497328,2014,11,1619,111,0,DEN
497328,2013,14,1430,92,1,DEN
2536071,2015,0,130,13,0,SEA
2536071,2014,2,185,12,0,SEA
1060,2016,2,612,55,0,CLE
1060,2015,9,1043,79,0,CLE
1060,2014,0,156,13,0,CLE
1060,2013,2,127,13,0,CLE
2495331,2016,2,323,20,0,ATL
2495331,2014,0,6,1,0,WAS
2495331,2013,2,365,18,0,WAS
2535724,2016,1,61,7,0,MIA
2535724,2013,0,34,2,0,IND
2552397,2016,3,359,33,0,LV
2552397,2015,3,329,28,0,LV
2504775,2014,0,1,1,0,NO
2552453,2016,3,421,31,0,ATL
2552453,2015,0,14,2,0,ATL
2550481,2016,0,12,2,0,NYG
2550481,2015,0,31,3,0,NYG
2550481,2014,0,17,2,0,NYG
2550481,2014,0,31,3,0,MIA
2540215,2016,4,391,24,0,SF
2540215,2015,3,326,30,2,SF
2540215,2014,0,30,2,1,SF
2540215,2013,0,119,8,0,SF
2550256,2016,4,895,72,2,NO
2550256,2015,3,984,69,2,NO
2553896,2015,0,117,14,1,CLE
2550284,2016,1,327,37,0,PHI
2550284,2015,0,54,3,0,PHI
2532865,2016,6,1448,91,0,IND
2532865,2015,5,1124,69,1,IND
2532865,2014,7,1345,82,3,IND
2532865,2013,5,1083,82,0,IND
497240,2016,3,540,25,0,NE
497240,2015,11,1176,72,0,NE
497240,2014,12,1124,82,0,NE
497240,2013,4,592,39,0,NE
2532887,2016,1,510,41,0,SEA
2532887,2015,5,685,49,1,SEA
2532887,2014,1,537,38,0,SEA
2532887,2013,4,346,22,0,SEA
2506874,2016,0,90,7,0,BUF
2506874,2015,0,19,4,0,SF
2506874,2014,0,253,40,0,DET
2506874,2013,3,506,54,0,DET
2532923,2015,0,80,6,0,NYJ
2532923,2014,0,58,4,0,NYJ
2532923,2014,1,20,2,0,TB
2532923,2013,0,114,13,0,TB
2552425,2016,0,32,5,0,JAX
2552425,2015,2,93,19,0,JAX
497322,2016,5,1032,79,1,DEN
497322,2015,6,1135,76,1,DEN
497322,2014,9,1404,101,1,DEN
497322,2013,6,740,67,1,PIT
2543481,2016,0,59,3,0,TEN
2543481,2014,2,345,38,1,NYJ
2504595,2016,5,799,70,0,BAL
2504595,2015,3,670,46,0,BAL
2504595,2014,6,1065,79,2,BAL
2504595,2013,4,745,64,0,CAR
2550448,2014,0,18,3,0,LA
2556075,2016,0,137,13,0,TEN
2535708,2016,0,122,16,1,DAL
2535708,2015,0,215,21,0,DAL
2535708,2014,0,217,18,0,DAL
2535708,2013,0,59,7,1,DAL
2555343,2016,0,66,2,0,WAS
2550546,2016,1,276,27,1,CAR
2550546,2015,4,447,31,0,CAR
2550546,2014,2,296,21,0,CAR
2553733,2016,0,96,13,0,SEA
2553733,2015,1,76,9,0,SEA
89798,2016,0,77,6,0,TB
89798,2014,3,222,13,0,ATL
89798,2013,0,10,2,0,ATL
2495212,2014,1,118,12,0,LA
2495212,2013,4,399,38,0,LA
2539291,2016,1,51,4,0,PIT
2539291,2015,5,749,44,0,PIT
2539291,2014,2,644,53,0,PIT
2539291,2013,0,64,6,0,PIT
2555460,2016,0,162,15,0,NYG
2508101,2016,0,18,3,0,NE
2508101,2014,0,43,6,1,NE
2508101,2013,0,62,4,0,NE
2532841,2016,1,42,4,0,NE
2532841,2016,4,446,33,0,ARI
2532841,2015,6,849,52,0,ARI
2532841,2014,6,841,47,3,ARI
2532841,2013,5,1041,65,0,ARI
2533347,2013,0,29,2,0,ATL
2495341,2016,0,152,11,0,TB
2495341,2015,2,484,42,1,HOU
2495341,2014,1,557,53,1,JAX
2495341,2013,3,777,66,0,JAX
2495467,2016,0,43,4,0,LV
2495467,2015,1,106,7,0,LV
2495467,2013,0,55,2,0,LV
2553435,2016,4,879,80,0,ARI
2553435,2015,4,457,36,1,ARI
2543770,2016,1,190,24,0,TB
2543770,2015,4,561,51,1,TB
2543770,2014,0,190,19,0,TB
2533034,2016,1,188,31,0,HOU
2533034,2015,2,397,47,0,MIA
2533034,2014,1,275,38,1,MIA
2533034,2013,0,170,26,0,MIA
1037885,2015,0,300,22,0,CHI
2556615,2016,0,6,1,0,LA
497149,2016,0,38,7,0,NE
497149,2015,1,43,6,0,NE
497149,2014,0,18,4,0,NE
497149,2014,0,36,6,0,PIT
497149,2013,0,38,2,0,NE
2495300,2014,0,9,1,0,TEN
2552383,2015,0,2,1,0,BAL
2550405,2016,1,297,15,0,IND
2552475,2016,0,327,43,0,LA
2552475,2015,0,188,21,0,LA
2533039,2016,2,821,52,0,CHI
2533039,2015,4,807,54,1,CHI
2533039,2014,10,1133,85,0,CHI
2533039,2013,7,1421,89,3,CHI
2543590,2016,0,76,8,0,DEN
2543590,2015,1,59,6,0,DEN
2543590,2014,0,23,2,0,DEN
79607,2016,1,356,50,0,BUF
79607,2015,2,292,32,1,BUF
79607,2014,0,155,28,1,PHI
79607,2013,2,539,52,0,PHI
2552622,2016,0,10,1,0,CAR
2532899,2016,0,134,14,0,TB
2532899,2015,1,271,33,1,TB
2532899,2014,0,64,13,0,TB
2532899,2013,0,66,12,0,TB
2540177,2016,1,160,9,0,CHI
2540177,2015,1,464,28,0,CHI
2540177,2014,1,140,17,0,CHI
2540177,2013,0,13,2,0,CHI
2506122,2015,6,825,74,1,NO
2506122,2014,2,136,20,0,NO
2506122,2013,2,226,19,0,NO
2552656,2016,6,568,34,1,ARI
2552656,2015,2,299,11,0,ARI
2508112,2015,0,27,3,0,CHI
2508112,2015,0,6,1,0,CLE
2508112,2014,0,129,9,0,ARI
2508112,2013,1,454,39,1,ARI
941,2013,0,321,58,0,BAL
2555418,2016,1,298,29,1,CHI
1030,2013,0,85,9,0,SF
2554630,2016,0,15,3,0,KC
2552466,2016,0,0,0,0,TEN
2552466,2015,1,41,1,0,TEN
2495159,2016,1,13,1,0,NYG
2495159,2015,4,396,36,0,NYG
2495159,2014,0,116,7,0,DAL
2495159,2013,2,80,9,0,DAL
71435,2016,0,32,5,0,NO
71435,2016,1,40,5,0,DEN
71435,2015,1,69,10,0,SD
71435,2014,1,1,1,0,SD
71435,2013,0,30,4,0,SD
2543774,2016,0,8,1,0,GB
2543774,2015,0,111,9,1,GB
949,2016,0,60,8,0,CAR
949,2015,1,99,16,0,CAR
949,2014,1,181,25,0,CAR
949,2013,0,44,7,0,CAR
71345,2016,1,201,35,1,NYG
71345,2015,1,296,29,1,NYG
71345,2014,0,226,30,1,NYG
71345,2013,0,292,36,0,LV
2539202,2015,0,150,12,0,BUF
2539202,2014,1,48,7,0,BUF
2539202,2013,1,53,5,0,BUF
2553762,2016,0,11,1,0,ATL
2553762,2015,0,73,9,0,ATL
2532975,2016,1,14,2,1,SEA
2532975,2014,0,17,1,0,SEA
2535966,2016,0,17,2,0,CAR
2535966,2015,0,119,9,1,CAR
2535966,2014,1,151,13,0,CAR
2552468,2015,1,268,32,1,BAL
2556885,2016,2,194,29,0,LV
2506619,2015,0,60,6,0,NYG
2506619,2014,4,188,16,1,NYG
2543551,2016,0,55,5,0,CHI
2543551,2015,1,19,3,0,CHI
2543551,2014,0,57,5,0,CHI
2533032,2014,0,229,27,0,IND
2533032,2013,1,265,28,0,IND
2533032,2013,0,51,7,0,CLE
2508061,2016,12,1284,106,0,PIT
2508061,2015,10,1834,136,1,PIT
2508061,2014,13,1698,129,1,PIT
2508061,2013,8,1499,110,0,PIT
2495700,2016,3,1073,80,0,CAR
2495700,2015,7,1104,77,1,CAR
2495700,2014,6,1008,84,1,CAR
2495700,2013,6,816,73,0,CAR
2556580,2016,0,13,1,0,DEN
1581,2016,4,1005,56,0,WAS
1581,2015,4,528,30,0,WAS
1581,2014,6,1169,56,0,WAS
1581,2013,9,1332,82,1,PHI
2540279,2016,0,59,5,0,ATL
2540279,2015,2,159,17,0,ATL
2540279,2013,0,15,3,0,WAS
2555346,2016,2,635,47,0,HOU
71247,2014,2,59,3,0,PHI
71247,2013,0,31,3,0,PHI
2531218,2016,0,4,1,0,LA
497248,2013,0,88,6,0,LV
2535696,2014,0,62,9,0,MIN
2535696,2013,0,11,1,0,MIN
2550263,2016,0,0,0,0,DEN
2550263,2015,0,51,6,0,DEN
2550263,2014,0,25,4,0,DEN
2553451,2016,0,110,12,0,JAX
2543500,2016,3,804,73,1,PHI
2543500,2015,8,997,85,2,PHI
2543500,2014,8,872,67,0,PHI
2550198,2016,2,145,11,0,DEN
2550198,2015,0,203,16,0,DEN
497242,2016,0,19,3,0,DET
497242,2015,1,149,14,0,JAX
497242,2014,1,289,26,0,JAX
497242,2013,2,292,24,2,JAX
2550223,2016,1,142,8,0,TB
2550223,2014,0,0,0,0,ATL
2506340,2016,0,3,1,0,KC
2506340,2013,0,-4,1,0,KC
2543488,2016,4,1136,94,1,MIA
2543488,2015,4,1157,110,0,MIA
2543488,2014,5,758,84,1,MIA
2552491,2016,2,392,36,0,PHI
2552491,2015,4,549,32,0,TEN
2550175,2014,0,15,3,0,CLE
2555415,2016,3,271,19,0,ATL
2530763,2016,1,52,7,0,ATL
2530763,2015,2,110,13,0,ATL
2530763,2014,1,62,9,0,ATL
2530763,2013,0,49,8,0,ATL
2495942,2013,0,82,7,0,DET
2533038,2013,1,415,29,0,JAX
2505940,2013,0,0,0,0,MIN
71217,2016,5,1002,68,2,LA
71217,2015,3,681,36,0,LA
71217,2014,3,748,48,0,LA
71217,2013,0,96,11,0,TEN
2550235,2016,0,5,2,0,PIT
2550235,2015,0,16,2,0,PIT
2552408,2016,2,85,10,0,BAL
2552408,2015,0,18,2,0,BAL
2536031,2014,1,331,31,1,HOU
2536031,2013,0,14,2,0,PHI
2495835,2016,2,83,8,0,TEN
2495835,2015,2,289,26,0,TEN
2495835,2014,4,226,25,0,KC
2495835,2013,3,200,23,0,KC
1970,2013,0,5,1,0,IND
1970,2013,0,10,4,0,BUF
2543495,2016,12,997,75,2,GB
2543495,2015,1,483,50,0,GB
2543495,2014,3,446,38,0,GB
2541316,2016,2,442,50,1,HOU
2541316,2015,2,251,20,0,HOU
2541316,2014,1,91,10,0,HOU
2541316,2013,1,244,19,0,HOU
2507737,2015,0,22,6,0,WAS
2507737,2014,2,81,11,0,WAS
2507737,2013,1,71,4,0,WAS
2555370,2016,0,3,1,0,CLE
2550313,2016,2,271,30,0,GB
2550313,2015,8,510,58,0,GB
2550313,2014,2,225,20,0,GB
2533353,2015,0,26,5,0,LA
2533353,2014,1,55,8,0,LA
2533353,2013,2,113,13,0,LA
2550738,2016,0,33,3,0,PIT
2550738,2014,0,27,3,0,BAL
2553446,2016,0,44,5,0,CLE
2553446,2015,0,15,4,0,CLE
2553660,2016,0,29,3,0,HOU
2553660,2015,0,39,6,0,HOU
238457,2016,4,486,47,0,CHI
238457,2015,5,439,34,0,CHI
2506106,2016,6,1023,107,2,ARI
2506106,2015,9,1215,109,2,ARI
2506106,2014,2,784,63,1,ARI
2506106,2013,10,954,82,1,ARI
79860,2015,0,-6,1,0,DET
2535869,2016,2,191,18,0,SF
2535869,2015,0,8,1,0,LV
2535869,2014,1,84,9,0,LV
2535869,2013,4,888,60,1,LV
2532924,2013,0,102,6,1,PIT
2505777,2013,1,47,11,0,BAL
2556737,2016,0,11,3,0,JAX
2534241,2016,0,10,2,0,WAS
2534241,2015,1,141,17,0,WAS
2534241,2014,0,105,9,1,SF
2552586,2016,0,92,10,0,CIN
2552586,2015,1,129,11,0,CIN
497238,2016,2,391,37,1,ARI
497238,2015,1,223,18,0,ARI
497238,2014,5,460,62,3,CIN
497238,2013,4,458,46,3,CIN
497284,2016,2,194,9,0,NYJ
497284,2015,12,1027,80,1,NYJ
497284,2014,5,962,74,0,NYJ
497284,2013,11,1288,87,2,DEN
2495660,2014,0,15,1,0,NO
2495660,2013,0,179,29,0,TB
80644,2013,0,19,2,0,NYJ
1990,2016,2,369,33,1,CHI
1990,2015,1,238,37,0,CHI
1990,2014,7,778,62,1,SD
1990,2013,8,631,47,0,SD
2540261,2015,0,76,4,0,DET
2540261,2014,1,212,14,1,DET
2553621,2016,0,48,3,0,DAL
2553621,2015,0,16,6,0,DAL
2555229,2016,1,162,30,0,BAL
2553606,2016,2,209,16,1,DEN
2495353,2016,4,281,30,0,JAX
2495353,2015,5,455,46,0,JAX
2495353,2014,12,489,43,1,DEN
2495353,2013,12,788,65,0,DEN
2552652,2016,0,530,44,1,KC
2552652,2015,1,199,17,0,KC
2540181,2013,0,121,9,0,NE
2537931,2014,0,303,24,0,CLE
2537931,2013,9,1646,87,0,CLE
2495187,2016,2,499,50,1,LA
2495187,2015,2,245,25,0,LA
2495187,2014,5,259,27,0,LA
2495187,2013,4,258,32,0,LA
2507029,2015,0,11,1,0,ATL
2507029,2014,2,102,10,0,ATL
2507029,2013,0,8,1,0,CHI
2532853,2016,1,304,18,0,PIT
2532853,2015,4,429,37,0,SD
2532853,2014,0,226,19,0,SD
2532853,2013,3,376,17,0,SD
4327,2016,1,35,6,0,SD
4327,2015,6,755,80,0,SD
4327,2014,0,34,5,0,SD
4327,2013,6,605,76,1,SD
2495966,2016,7,800,65,1,TEN
2495966,2015,6,1088,94,0,TEN
2495966,2014,4,890,63,2,TEN
2495966,2013,6,571,60,1,TEN
2532978,2016,1,67,11,0,MIN
2532978,2015,0,442,34,1,MIN
2532978,2014,2,588,42,0,MIN
2532978,2013,3,434,26,0,MIN
2543603,2016,0,174,21,0,CIN
2543603,2015,1,79,15,0,CIN
2543603,2014,0,215,27,1,CIN
2550658,2015,0,112,13,0,SD
2550658,2014,1,271,36,0,SD
2504833,2014,0,0,1,0,LA
2555317,2016,2,522,41,0,TEN
2552470,2016,2,435,21,0,PIT
2552470,2015,0,11,1,0,PIT
2495454,2016,6,1409,83,0,ATL
2495454,2015,8,1871,136,3,ATL
2495454,2014,6,1593,104,2,ATL
2495454,2013,2,580,41,2,ATL
2530747,2016,7,1128,94,1,SEA
2530747,2015,14,1069,78,1,SEA
2530747,2014,3,825,66,0,SEA
2530747,2013,5,778,50,0,SEA
2532876,2014,0,93,9,0,KC
2532876,2013,0,130,8,0,KC
2543509,2016,6,883,73,1,JAX
2543509,2015,14,1400,80,0,JAX
2543509,2014,2,548,48,0,JAX
2495240,2015,0,4,1,0,BUF
2495240,2013,0,6,1,0,BAL
2555259,2016,0,7,1,0,PHI
2495967,2014,2,159,22,0,TEN
2495967,2013,0,0,0,0,NE
2555227,2016,0,0,1,0,BUF
2531332,2016,4,1007,77,0,CLE
2531332,2015,0,42,1,0,CLE
2495445,2013,0,28,3,0,SF
2504211,2015,0,36,1,0,NE
2553554,2016,1,22,2,0,NE
2539197,2015,0,26,3,0,NE
2553667,2015,0,22,3,0,NYG
2495328,2016,2,388,58,1,NYJ
2495328,2015,2,388,47,1,NYJ
2495328,2014,0,92,11,0,NYJ
2495328,2013,0,272,36,0,NYJ
2649,2016,4,243,23,1,NE
2649,2015,3,648,65,0,NE
2649,2014,1,200,27,0,NE
2649,2013,2,633,54,0,NE
2552597,2016,3,499,33,0,BAL
2495573,2015,4,259,23,0,NE
2495573,2014,3,497,47,0,BUF
2495573,2013,2,655,53,1,BUF
2555466,2016,1,603,54,1,CIN
1037366,2014,1,1,1,0,PIT
1037366,2013,0,8,1,0,PIT
2543496,2016,10,1367,101,2,NYG
2543496,2015,13,1450,96,2,NYG
2543496,2014,12,1305,91,0,NYG
2555333,2016,3,413,33,0,CLE
2550189,2016,0,319,40,0,CLE
2550189,2015,1,182,19,0,CLE
2550189,2014,0,87,9,0,CLE
2540204,2016,2,447,33,1,KC
2540204,2015,0,5,6,0,KC
2532838,2016,3,631,50,2,NO
2532838,2015,3,491,54,0,IND
2532838,2014,8,774,51,0,IND
2532838,2013,4,608,52,1,IND
2556370,2016,9,1137,92,2,NO
2556708,2016,0,18,2,0,DET
2495139,2016,4,552,57,0,BUF
2495139,2015,3,528,51,1,BUF
2495139,2014,3,605,58,0,MIA
2495139,2013,6,759,69,0,MIA
2555289,2016,0,32,3,0,SEA
2507585,2014,0,81,7,0,JAX
2507585,2013,0,40,10,0,JAX
2541429,2015,0,18,2,0,SEA
2500835,2013,8,859,83,0,ATL
2543572,2015,6,765,50,1,PIT
2543572,2014,8,549,26,0,PIT
2543773,2016,5,551,60,0,NE
2543773,2015,4,410,40,0,NE
2543773,2014,0,23,5,0,NE
2540037,2016,0,226,25,0,CAR
2540037,2015,0,64,12,0,CAR
2540037,2014,1,60,5,0,CAR
2540037,2013,2,155,21,0,CLE
2534820,2016,3,350,29,2,SF
2534820,2015,3,186,19,0,SF
2534820,2014,0,53,2,0,SF
2534820,2013,0,38,2,1,SF
497172,2015,0,44,6,0,BUF
497172,2014,0,49,8,0,BUF
497172,2013,0,30,3,0,SF
81869,2013,0,10,2,0,BAL
230,2016,0,57,6,0,BUF
230,2015,0,12,1,0,BUF
230,2014,0,0,0,0,MIN
230,2013,0,37,6,0,MIN
71265,2016,1,377,30,1,GB
71265,2015,0,481,39,2,LA
71265,2014,3,634,52,0,LA
71265,2013,5,671,51,1,LA
2507428,2016,1,72,10,0,CAR
2507428,2015,3,154,18,0,CAR
2507428,2014,0,93,12,0,CAR
2507428,2013,2,184,27,0,CAR
2555477,2016,0,186,19,0,NYJ
497222,2013,0,34,2,0,DET
2533540,2013,0,57,8,0,CLE
2541785,2016,5,967,69,1,MIN
2541785,2015,0,144,12,0,MIN
2541785,2014,1,137,8,0,MIN
2543600,2016,0,40,12,0,HOU
2543600,2015,1,109,15,0,HOU
2543600,2014,1,113,15,0,HOU
2553631,2016,0,196,18,0,DET
2553631,2015,0,11,2,0,DET
2533046,2016,6,406,35,1,IND
2533046,2015,1,109,16,0,IND
2533046,2014,8,395,29,1,IND
2533046,2013,1,20,1,0,IND
81831,2015,2,523,46,1,CLE
81831,2014,2,474,39,1,MIA
81831,2013,4,1016,76,0,MIA
496760,2015,0,19,2,0,JAX
2539336,2016,3,509,58,1,LA
2539336,2015,5,473,52,1,LA
2539336,2014,0,242,31,0,LA
2539336,2013,4,418,40,1,LA
2539235,2016,0,50,2,0,NYG
2539235,2014,0,13,2,0,TB
1072,2013,3,300,25,0,GB
2541616,2013,0,12,2,0,TB
2556440,2016,0,16,2,0,SEA
2506448,2013,0,13,2,0,NYG
497190,2016,0,36,7,0,SD
497190,2015,1,260,31,1,TEN
497190,2014,1,197,26,0,TEN
497190,2013,2,511,53,0,KC
2541147,2016,0,232,20,0,MIN
2541147,2015,0,127,9,0,MIN
2541147,2014,2,475,31,1,MIN
2552627,2016,0,23,1,0,SF
2552399,2016,0,141,9,0,DEN
2555224,2016,1,363,32,0,DAL
2495663,2015,0,80,13,0,SEA
2495663,2014,4,367,37,2,SEA
2495663,2013,2,316,36,1,SEA
2495347,2016,0,29,6,0,LV
2495347,2015,1,70,12,0,LV
2495347,2014,1,42,7,0,BUF
2495347,2013,0,78,5,0,BUF
2552428,2015,1,8,2,0,TEN
2556752,2016,0,76,7,0,NO
163982,2015,0,16,2,0,PIT
163982,2014,0,41,6,0,PIT
163982,2013,1,41,8,0,PIT
2505587,2016,8,584,67,0,DET
2505587,2015,4,789,69,1,SF
2505587,2014,5,1062,83,0,SF
2505587,2013,7,1179,85,0,SF
2539203,2016,2,234,17,0,PIT
497206,2016,2,134,19,1,GB
497206,2015,3,392,43,1,GB
497206,2014,0,140,18,0,GB
497206,2013,1,89,10,0,GB
2555430,2016,0,84,11,0,SEA
2540200,2016,4,256,26,0,MIA
2540200,2015,1,127,18,1,MIA
2540200,2014,2,284,24,0,MIA
2540200,2013,1,32,6,0,MIA
2540225,2015,0,56,4,0,NYJ
2540225,2014,0,30,2,0,NYJ
2540225,2013,0,69,11,0,NYJ
81857,2014,0,50,5,0,NYG
81857,2013,1,199,13,0,DET
81857,2013,1,70,8,0,TB
2552608,2016,3,903,84,0,MIN
2552608,2015,4,720,52,2,MIN
2550617,2016,6,579,35,0,ATL
2550617,2015,0,241,28,1,CLE
2550617,2014,1,621,36,0,CLE
2495893,2016,3,788,59,0,NYJ
2495893,2015,14,1502,109,3,NYJ
2495893,2014,8,721,61,1,CHI
2495893,2013,12,1295,100,0,CHI
2533040,2016,4,653,59,1,ATL
2533040,2015,0,394,33,1,CIN
2533040,2014,5,790,56,0,CIN
2533040,2013,2,455,47,1,CIN
81288,2014,1,295,29,2,MIA
81288,2013,3,326,30,0,MIA
216,2013,1,70,7,0,WAS
2550521,2016,2,118,11,0,PIT
2553737,2016,3,594,48,0,PIT
2507828,2016,0,15,3,0,CHI
2507828,2014,1,78,13,1,WAS
2507828,2013,3,267,28,2,WAS
2543759,2016,0,76,9,0,WAS
2543759,2015,2,268,23,0,WAS
2543759,2014,0,68,7,0,WAS
2495718,2013,3,231,15,1,SEA
2495466,2016,4,319,46,0,NO
2495466,2015,0,405,50,1,NO
2495466,2014,0,145,29,2,NO
2495466,2013,0,68,7,0,NO
2552424,2016,2,528,33,1,IND
2552424,2015,1,225,18,0,IND
2495843,2014,1,254,19,0,TEN
2552430,2016,1,597,41,0,SEA
2552430,2015,6,664,51,0,SEA
2539250,2016,0,408,37,1,SF
2539250,2015,1,394,30,0,SF
2539250,2014,0,44,3,0,SF
2539250,2013,0,34,3,0,SF
2505936,2015,0,20,1,0,NE
2505936,2014,0,148,20,0,ATL
2505936,2013,1,191,33,0,ATL
2532900,2015,2,269,24,0,NE
2532900,2014,0,78,6,0,HOU
2532900,2013,2,253,22,0,HOU
2552464,2016,0,14,1,0,TEN
2552464,2015,1,44,5,0,TEN
2506404,2016,4,277,38,0,IND
2506404,2015,1,267,34,0,IND
2506404,2014,1,111,11,0,SF
2506404,2013,0,141,16,0,SF
2553552,2016,0,0,0,0,DET
2553552,2015,0,7,1,0,CHI
2556841,2016,0,10,3,0,PHI
497204,2016,0,7,1,0,NYJ
497204,2016,1,43,5,1,SEA
497204,2015,2,239,34,0,NO
497204,2014,1,125,19,0,BUF
497204,2013,0,185,33,0,BUF
2540169,2016,1,613,51,0,BUF
2540169,2015,3,552,47,2,BUF
2540169,2014,5,699,65,1,BUF
2540169,2013,3,587,40,0,BUF
2555464,2016,0,115,17,0,LV
2507812,2013,0,20,2,0,KC
2540224,2016,0,22,4,0,TB
2540224,2014,0,-5,1,0,TB
2540224,2013,0,43,10,0,TB
2543704,2016,0,10,3,0,BAL
2543704,2015,0,29,5,0,BAL
2543704,2014,0,114,8,0,BAL
497318,2013,0,2,1,0,IND
2539260,2016,0,22,3,0,JAX
2539260,2015,0,164,21,0,JAX
2539260,2014,0,124,23,0,JAX
2539260,2013,0,0,0,0,JAX
2532884,2016,4,930,55,0,DET
2532884,2015,4,816,65,0,CIN
2532884,2013,10,712,51,0,CIN
2552559,2016,1,234,25,0,CIN
2552559,2015,0,4,1,0,CIN
2532977,2016,3,416,29,0,TEN
2532977,2015,3,408,36,0,TEN
2532977,2014,6,715,57,1,TEN
2532977,2013,2,1079,94,2,TEN
2556801,2016,0,70,13,1,SD
2555295,2016,8,683,65,0,NYG
2535964,2016,1,282,19,0,CHI
2535964,2015,2,224,19,0,CHI
2535964,2014,0,0,0,0,CHI
2535890,2016,4,281,40,0,NO
2535890,2015,1,146,9,0,NO
2535890,2015,0,66,7,0,SF
2535890,2015,0,2,1,0,NE
2535890,2014,1,296,38,1,NO
2535890,2013,1,5,2,0,NO
2532834,2013,0,69,7,0,MIA
2552418,2016,4,203,21,0,ATL
2552418,2015,0,194,21,0,ATL
2543619,2016,0,142,14,0,BUF
2543491,2016,1,288,21,0,SEA
2543491,2015,0,40,1,0,SEA
2543491,2014,1,271,29,0,SEA
2505785,2015,3,561,30,1,SD
2505785,2014,6,856,52,0,SD
2505785,2013,0,149,6,0,SD
2533457,2016,0,11,3,0,DAL
2533457,2015,0,55,10,0,WAS
2533457,2014,0,155,17,0,WAS
2533457,2013,0,78,9,0,WAS
2495826,2016,2,583,44,0,WAS
2495826,2015,0,201,20,0,DEN
2495826,2015,0,194,18,0,SF
2495826,2014,2,245,26,0,SF
2495826,2013,13,850,52,1,SF
2555417,2016,0,208,17,0,SEA
2507763,2016,4,1017,72,1,BAL
2507763,2015,2,473,39,0,MIN
2507763,2014,10,862,67,1,MIA
2507763,2013,5,930,73,0,MIA
2552429,2016,0,348,44,1,GB
2552429,2015,2,136,15,0,GB
2533047,2013,0,8,1,0,CIN
2530660,2016,1,328,29,0,BAL
2530660,2015,5,944,75,1,BAL
2530660,2014,3,267,24,0,BAL
2543683,2016,0,110,10,0,NYJ
2543683,2016,1,44,3,0,TB
2543683,2015,4,338,21,0,TB
2543683,2014,2,221,21,1,TB
2506467,2016,2,427,52,0,PHI
2506467,2015,1,388,55,1,PHI
2506467,2014,0,387,40,0,PHI
2506467,2013,2,604,71,0,NO
2550268,2016,2,188,28,0,KC
2550268,2015,1,214,20,0,KC
2550268,2014,0,0,0,0,KC
2495472,2016,0,0,0,0,IND
2495472,2015,0,0,0,0,PIT
2495472,2014,1,198,25,0,JAX
2495472,2013,1,116,14,0,JAX
2552477,2016,1,46,9,0,GB
2552477,2015,0,18,1,0,GB
2495922,2013,0,8,1,0,NYJ
2556466,2016,0,28,5,0,TB
2553840,2015,0,6,1,0,KC
2495258,2016,0,263,32,0,MIN
2495258,2015,0,132,19,0,MIN
2495258,2014,1,312,44,0,MIN
2495258,2013,0,13,5,0,MIN
2527672,2016,0,0,0,0,SEA
2527672,2015,1,7,1,0,SEA
2527672,2014,0,4,1,0,SEA
2530575,2013,2,216,12,0,ATL
497286,2015,1,58,1,0,BUF
497286,2013,0,13,2,0,BUF
2552600,2016,2,365,36,1,PHI
2552600,2015,1,283,23,1,PHI
2535698,2016,5,833,75,0,DAL
2535698,2015,5,536,52,1,DAL
2535698,2014,4,420,37,2,DAL
2535698,2013,2,368,39,1,DAL
71299,2013,0,57,4,0,CHI
2532833,2013,0,46,5,0,DET
2536044,2016,1,227,12,0,LV
2536044,2015,0,84,9,0,LV
2536044,2014,2,18,5,0,LV
2536044,2013,0,63,7,0,LV
80429,2016,2,536,44,0,KC
80429,2015,8,1088,87,2,KC
80429,2014,10,1318,85,0,PHI
2553876,2015,1,132,11,1,TB
2530713,2014,0,46,5,0,PHI
2530713,2013,1,67,4,0,PHI
2550633,2014,0,-1,1,0,CHI
2495979,2016,2,118,18,0,PIT
2495979,2015,0,367,40,0,PIT
2495979,2014,0,44,5,0,CAR
2495979,2013,1,333,26,2,CAR
2533544,2013,0,68,4,0,TB
2540165,2016,4,954,78,0,HOU
2540165,2015,11,1521,111,1,HOU
2540165,2014,6,1210,76,2,HOU
2540165,2013,2,802,52,1,HOU
497145,2016,0,-2,1,0,DET
497145,2015,0,286,22,0,DET
497145,2014,1,322,34,0,DET
497145,2013,0,547,53,0,DET
2534770,2016,0,94,13,0,HOU
2534770,2015,1,173,26,0,HOU
2534770,2014,0,86,6,0,HOU
2534770,2013,0,76,6,1,HOU
2505299,2016,7,548,53,1,SD
2505299,2015,5,630,56,0,SD
2505299,2014,12,821,69,1,SD
2505299,2013,4,872,77,2,SD
2552578,2015,0,18,1,0,IND
2555214,2016,0,15,1,0,MIN
2553743,2016,0,4,1,0,DAL
2553743,2015,0,6,1,0,DAL
2532933,2016,3,564,41,0,LA
2532933,2015,0,102,10,0,LA
2532933,2014,3,375,25,0,LA
2532933,2013,2,302,18,0,LA
79589,2016,0,80,7,0,PIT
79589,2015,0,4,1,1,SD
79589,2014,0,4,1,0,SD
79589,2013,0,70,4,0,PIT
2543641,2016,0,20,1,0,IND
2543641,2015,1,114,7,1,DAL
2543641,2014,0,18,2,0,DAL
2539995,2016,1,192,18,0,LV
2539995,2015,1,280,32,2,LV
2539995,2014,4,534,58,3,LV
2539995,2013,4,407,38,0,LV
2552409,2016,4,744,56,0,MIA
2552409,2015,3,494,26,0,MIA
2555331,2016,0,200,17,0,CIN
2506578,2013,0,18,2,0,BAL
2506109,2015,0,-3,0,1,PIT
2506109,2014,0,-6,0,1,PIT
2506109,2013,0,5,0,0,PIT
2553913,2016,7,1059,69,0,SD
2553913,2015,1,90,2,0,SD
2532934,2013,0,0,0,0,IND
80674,2014,0,0,0,0,CAR
80674,2013,2,343,48,1,CLE
2550183,2016,0,11,2,0,SD
2550183,2015,0,363,31,1,BAL
2550353,2016,3,477,35,1,JAX
2550353,2015,10,1031,64,2,JAX
2550353,2014,6,677,51,0,JAX
2552650,2015,0,15,1,0,CIN
2552461,2016,0,514,53,1,CLE
2552461,2015,2,534,61,1,CLE
2552635,2016,0,73,8,0,WAS
2552635,2015,1,304,19,1,WAS
2555216,2016,4,401,32,0,NE
2550162,2016,0,106,13,0,CIN
2550162,2014,0,91,5,0,CIN
4433,2016,0,73,5,0,SEA
4433,2015,3,269,30,0,LV
4433,2014,1,265,37,0,LV
4433,2013,2,331,32,0,LV
262,2016,0,0,0,0,ARI
262,2015,0,58,6,0,ARI
262,2014,1,151,24,0,NYJ
262,2013,4,345,42,1,TEN
2541940,2016,0,8,1,0,WAS
2541940,2015,1,184,8,0,WAS
2550328,2016,3,281,26,0,NO
2550328,2015,2,454,30,0,NO
768,2015,3,497,45,1,SD
768,2014,3,435,35,0,SF
768,2013,3,597,52,1,BUF
2533437,2016,0,50,3,0,SD
2533437,2016,0,43,4,0,MIN
2533437,2015,0,111,24,1,DEN
2533437,2014,1,139,21,0,DEN
2533437,2013,0,119,12,0,DEN
2540160,2016,6,686,66,1,WAS
2540160,2015,11,952,87,3,WAS
2540160,2014,0,465,50,1,WAS
2540160,2013,3,499,45,0,WAS
497288,2013,0,99,13,1,LV
2540020,2016,5,371,53,0,DET
2540020,2015,3,697,80,0,DET
2540020,2014,4,316,34,0,DET
2540020,2013,0,26,4,0,DET
2554138,2016,0,0,0,0,SEA
2554138,2015,0,8,1,0,SEA
2555306,2016,0,4,1,0,MIN
2552469,2016,2,419,41,0,SD
2552469,2015,0,192,33,1,SD
2540005,2015,0,112,14,0,BAL
2540005,2014,0,255,24,0,BAL
2540005,2013,7,524,49,0,BAL
2540233,2013,1,9,1,0,LV
2530738,2013,1,189,19,0,JAX
2530738,2013,0,40,3,0,ARI
2541199,2016,2,129,15,0,SEA
2541199,2015,1,213,17,0,SEA
2541199,2014,3,362,22,0,SEA
2541199,2013,1,272,20,0,SEA
2550400,2016,0,20,3,0,DAL
2532797,2016,0,15,2,0,NE
2532797,2015,2,180,19,0,NE
2532797,2014,0,8,2,0,NE
2532797,2013,0,152,21,0,NE
2555311,2016,1,122,16,1,NYG
2540151,2016,4,189,10,0,BUF
2540151,2015,1,264,22,0,TEN
2540151,2014,3,498,28,0,TEN
2540151,2013,4,354,18,0,TEN
2555419,2016,0,106,14,0,LA
2543457,2016,2,430,28,0,BUF
2543457,2015,9,1047,60,0,BUF
2543457,2014,6,982,65,1,BUF
2495207,2016,3,377,53,0,TEN
2495207,2015,1,322,44,0,PHI
2495207,2014,0,416,57,2,DAL
2495207,2013,1,350,53,1,DAL
2539964,2016,3,431,29,0,BUF
2539964,2015,0,24,2,0,BUF
2539964,2014,0,42,1,1,BUF
2539964,2013,3,283,17,1,BUF
2507629,2013,0,-5,1,0,ATL
2532956,2015,0,9,1,0,MIA
2532956,2014,0,-4,1,0,MIA
2495888,2016,1,169,20,0,JAX
2495888,2015,0,226,16,0,JAX
2495888,2014,2,206,18,0,JAX
2495888,2013,4,359,25,1,JAX
2507141,2015,0,84,9,0,WAS
2507141,2014,1,378,45,0,NO
2507141,2013,3,513,77,1,NO
2553900,2016,1,124,16,0,CHI
2553900,2015,0,64,6,0,BAL
2553617,2016,0,5,1,0,PHI
2556508,2016,1,38,6,0,TB
2534871,2015,0,0,1,0,SEA
2534871,2014,1,29,2,0,SEA
2534871,2013,1,62,8,1,SEA
2542022,2015,0,115,17,0,NO
2542022,2014,0,63,8,0,NO
497110,2013,0,10,1,0,CLE
497110,2013,0,0,0,0,CAR
2556805,2016,0,34,2,0,LV
1062,2016,7,701,55,0,NE
1062,2015,3,439,53,2,CHI
1062,2014,6,916,90,0,CHI
1062,2013,5,759,65,1,CHI
2534571,2016,0,153,20,0,NYG
2534571,2015,0,16,3,0,TB
2534571,2014,1,315,33,2,TB
2534571,2013,1,27,11,0,TB
2534571,2013,0,19,4,0,CLE
2553650,2016,1,35,4,0,JAX
2553650,2015,0,13,2,0,JAX
2495143,2014,1,18,1,0,CIN
2556444,2016,1,42,3,0,ATL
2539663,2016,1,50,9,0,BUF
2539663,2015,0,29,6,0,BUF
1037347,2016,0,3,1,0,CAR
1037347,2014,0,16,1,0,CAR
1037347,2013,0,33,5,0,MIN
2541544,2016,0,91,16,0,LA
2541544,2015,0,250,26,0,LA
2541544,2014,1,352,45,1,LA
2541544,2013,0,59,6,0,LA
2495340,2016,0,11,4,0,KC
2495340,2015,0,34,4,0,KC
2495340,2014,1,71,10,0,KC
2495340,2013,1,155,18,1,KC
2543682,2015,1,139,14,0,TEN
2543682,2014,0,133,18,0,TEN
2346,2016,3,1041,79,0,WAS
2346,2015,6,777,72,0,WAS
2346,2014,3,752,68,0,WAS
2346,2013,5,1346,113,1,WAS
2540168,2016,0,28,4,0,GB
2540168,2015,2,188,20,1,GB
2540168,2014,4,427,42,0,GB
2540168,2013,0,257,35,0,GB
2543721,2016,4,559,54,1,HOU
2543721,2015,1,167,17,1,HOU
2543721,2014,1,28,4,0,HOU
2543468,2016,12,1321,96,0,TB
2543468,2015,3,1206,74,1,TB
2543468,2014,12,1051,68,0,TB
2539322,2016,0,11,2,0,GB
2539322,2016,1,96,20,1,SEA
2539322,2015,0,14,2,0,SEA
2539322,2015,0,2,1,0,DAL
2539322,2014,0,12,1,0,SEA
2552463,2016,0,131,14,0,HOU
2552463,2015,3,161,14,0,HOU
2543847,2016,2,517,39,0,ARI
2543847,2015,7,1003,65,1,ARI
2543847,2014,5,696,48,0,ARI
2534436,2016,2,249,22,0,CHI
2534436,2015,0,81,2,0,CHI
2534436,2013,0,96,10,0,BAL
2543664,2016,1,236,34,0,BAL
2543664,2015,0,21,4,0,BAL
2543664,2014,1,64,11,0,CLE
89766,2016,1,59,7,0,TB
89766,2015,0,127,12,0,TB
89766,2014,0,190,22,0,TB
89766,2013,4,522,47,0,NYG
2507855,2016,1,586,39,1,NYG
2507855,2014,1,337,23,0,NYG
2507855,2013,4,998,73,1,NYG
2552633,2016,3,338,39,0,PIT
2552633,2015,1,56,8,0,PIT
2539308,2016,1,2,1,0,CHI
2543750,2016,1,93,11,0,GB
2543750,2015,0,79,2,0,GB
2543750,2014,0,16,2,0,GB
497188,2016,1,115,13,0,PHI
497188,2015,1,146,20,0,PHI
497188,2014,0,69,9,0,SD
497188,2013,1,189,26,0,SD
2505629,2016,3,673,69,1,DAL
2505629,2015,3,713,77,1,DAL
2505629,2014,5,703,64,0,DAL
2505629,2013,8,851,73,0,DAL
925,2016,0,14,2,0,KC
925,2015,1,177,21,1,KC
925,2014,5,291,40,1,KC
925,2013,7,693,70,0,KC
2495437,2013,0,40,5,0,JAX
2550542,2016,1,75,2,0,DEN
2553771,2016,1,17,1,0,CLE
79629,2016,0,0,0,0,CIN
79629,2014,0,27,3,0,CIN
2555364,2016,1,85,11,0,LA
2552382,2016,0,46,3,0,LA
2552382,2015,0,-2,1,0,LA
2552654,2016,0,0,0,0,SD
2552654,2015,0,21,2,0,NYG
2495296,2013,0,35,4,0,HOU
2541161,2016,0,264,33,0,LV
2541161,2015,0,232,41,1,LV
2541161,2014,0,143,17,0,LV
2541828,2014,0,45,4,0,KC
2543638,2016,0,35,7,0,KC
2543638,2015,1,140,17,0,KC
2543638,2014,0,156,23,0,KC
2495438,2016,7,840,83,0,MIN
2495438,2015,5,495,49,0,MIN
2495438,2014,2,231,24,1,MIN
2495438,2013,3,313,30,0,MIN
2530700,2016,4,810,58,0,SD
2530700,2015,3,486,35,2,SD
2530700,2014,0,158,12,0,SD
927,2016,0,34,7,0,DEN
927,2016,0,15,2,0,DET
927,2016,0,36,11,0,BAL
927,2015,0,153,31,0,BAL
927,2014,0,263,44,0,BAL
927,2013,0,82,15,1,JAX
2507591,2013,0,14,4,0,PIT
2555223,2016,1,265,31,2,DEN
2553895,2016,2,622,55,0,TB
2553895,2015,1,260,27,0,TB
2552403,2016,0,114,9,0,BUF
2552403,2015,0,37,1,0,BUF
2540011,2016,2,349,49,1,WAS
2540011,2015,2,240,35,1,WAS
2540011,2014,1,27,6,0,WAS
2495179,2014,0,40,6,0,NYG
2495179,2013,2,329,29,0,NYG
2530515,2016,4,680,38,1,NE
2530515,2015,2,450,36,0,BUF
2530515,2014,4,426,41,2,BUF
2530515,2013,0,83,10,0,BUF
2539980,2016,0,6,1,0,ARI
2539980,2015,0,16,2,0,ARI
2539980,2014,0,11,2,0,ARI
497095,2016,0,5,1,0,MIN
2556460,2016,2,202,12,0,GB
2540259,2016,0,174,14,0,MIA
2540259,2015,0,2,1,0,BUF
2540259,2014,0,118,8,0,BUF
2540259,2014,0,16,1,0,MIN
2540259,2013,0,8,2,0,CLE
2552379,2016,0,142,19,0,CHI
2552379,2015,1,279,22,0,CHI
2534237,2013,0,18,3,0,JAX
2541966,2016,1,187,11,0,ARI
2541966,2015,1,144,11,0,ARI
2541966,2014,2,229,22,1,ARI
2541966,2013,1,140,11,0,ARI
2543828,2016,4,857,58,0,NYJ
2543828,2015,0,315,22,0,NYJ
2539205,2016,4,594,44,1,DAL
2539205,2015,3,840,52,0,DAL
2539205,2014,8,621,37,0,DAL
2539205,2013,5,736,44,1,DAL
497320,2016,1,188,14,0,DET
497320,2015,0,135,11,0,WAS
497320,2014,2,453,36,1,WAS
497320,2013,2,471,43,0,ARI
2550216,2015,0,11,2,0,PHI
2539283,2015,2,47,5,0,MIA
2495288,2016,1,237,22,0,DEN
2495288,2015,1,173,12,0,DEN
2495288,2014,1,74,6,0,DEN
2495288,2013,0,45,9,0,DEN
2539645,2016,0,36,2,0,SEA
2539645,2014,0,44,4,0,CAR
2499255,2014,0,0,0,0,KC
2499255,2013,0,3,1,0,KC
2552580,2016,0,160,16,1,DEN
2540178,2016,0,21,3,0,KC
2540178,2016,0,4,2,0,GB
2540178,2015,0,24,2,0,KC
2540178,2014,1,147,16,1,KC
2540178,2013,0,75,11,1,KC
2540267,2014,0,55,6,0,JAX
2540267,2013,1,484,51,0,JAX
2541187,2016,1,123,17,1,KC
2541187,2015,1,74,7,0,KC
2541187,2014,0,20,3,0,KC
2541944,2016,2,341,23,0,TB
2541944,2015,1,28,3,0,TB
2541944,2014,0,63,4,0,TB
80425,2016,0,6,2,0,BUF
80425,2015,1,218,19,1,BUF
80425,2014,1,350,29,0,NYJ
80425,2014,0,133,22,1,SEA
80425,2013,0,17,1,0,SEA
2530990,2013,0,33,3,0,DAL
2540148,2016,5,394,29,0,CIN
2540148,2015,13,615,52,0,CIN
2540148,2014,0,37,3,0,CIN
2540148,2013,2,445,39,0,CIN
2543583,2016,2,462,54,0,ATL
2543583,2015,3,578,73,1,ATL
2543583,2014,1,225,30,0,ATL
2555362,2016,0,88,7,0,SF
2540258,2016,4,1125,85,0,KC
2540258,2015,5,875,72,2,KC
2540258,2014,5,862,67,4,KC
2555219,2016,0,11,2,0,NO
2543570,2014,0,-4,1,0,JAX
2555413,2016,1,24,3,0,GB
2535604,2013,1,63,2,0,JAX
2555432,2016,0,44,5,0,DEN
2539315,2015,0,4,1,0,ARI
2539315,2014,3,79,11,0,ARI
2539315,2013,0,71,8,0,ARI
2543614,2016,7,307,30,0,IND
2543614,2015,6,733,64,0,IND
2543614,2014,3,444,32,0,IND
2541600,2013,0,31,2,0,JAX
2541096,2016,0,50,2,0,ARI
2543477,2016,1,20,1,0,JAX
2534244,2014,1,258,23,0,MIN
2534244,2013,0,133,11,0,MIN
2551359,2015,0,59,8,0,NYG
2540202,2016,9,726,42,0,MIA
2540202,2015,3,440,27,0,MIA
2540202,2014,3,931,63,1,NO
2540202,2013,5,641,32,0,NO
2495825,2015,3,517,46,0,DEN
2495825,2014,4,527,48,0,BAL
2495825,2013,3,252,24,0,HOU
2506871,2015,2,257,32,1,SEA
2506871,2014,1,501,66,3,BUF
2506871,2013,1,387,47,1,BUF
2550407,2015,0,57,5,0,IND
2550407,2014,1,68,6,0,IND
2539289,2016,0,42,5,0,PHI
2539289,2015,0,22,9,0,PHI
2539289,2013,0,7,2,0,CAR
2550206,2016,0,13,2,0,CIN
2550206,2015,0,99,8,0,CIN
2550206,2014,0,86,10,0,CIN
2543745,2014,0,7,1,0,NO
2506147,2016,1,70,16,0,NO
2506147,2015,0,56,6,0,GB
2506147,2014,0,23,4,0,GB
2506147,2013,0,81,13,0,GB
2556381,2016,0,37,3,0,LA
2556404,2016,0,66,8,0,WAS
4487,2016,0,0,0,0,NE
4487,2015,0,0,0,0,NE
2556710,2016,0,75,4,0,HOU
2507218,2016,0,155,14,1,PHI
2507218,2015,3,398,27,1,PHI
2507218,2014,1,340,32,1,PHI
2507218,2013,6,502,32,1,PHI
2541834,2016,1,149,15,0,NO
2541834,2015,2,120,16,0,NO
2541834,2014,5,176,14,0,NO
2541834,2013,1,44,6,0,NO
2556365,2016,2,127,10,0,CLE
2552478,2016,0,85,4,0,SF
2552478,2015,0,186,15,0,SF
2543646,2015,0,153,13,1,SF
2543646,2014,2,62,6,0,SF
2504747,2014,2,779,64,1,IND
2504747,2013,2,503,38,0,IND
2541905,2015,1,88,7,0,NYG
2541905,2013,0,66,9,0,GB
2506897,2014,2,504,38,1,ATL
2507596,2014,0,0,0,0,TB
2507596,2013,1,97,8,0,MIA
2533036,2014,0,0,0,0,MIA
2533036,2013,0,16,2,0,SF
80427,2016,2,114,6,0,PIT
80427,2015,2,314,21,0,PIT
80427,2014,0,33,3,1,PIT
80427,2013,1,309,29,0,IND
2507884,2014,0,65,8,2,NYJ
2507884,2013,2,423,36,0,NYJ
2533545,2015,0,7,3,0,JAX
2533545,2014,0,13,2,0,BAL
2533545,2013,0,104,20,0,BAL
2555468,2016,0,77,6,0,CLE
1037847,2013,0,-1,1,0,HOU
4383,2016,1,200,22,0,NO
4383,2015,0,129,12,0,NO
497224,2016,1,134,10,0,CAR
497224,2015,2,121,17,0,CAR
497224,2014,1,115,10,1,CAR
497224,2013,1,273,25,0,BAL
2553867,2016,0,-2,1,0,WAS
2505551,2016,2,85,9,0,TEN
2505551,2015,4,503,41,0,IND
2505551,2014,3,936,85,3,HOU
2505551,2013,5,1407,109,0,HOU
2532835,2016,0,57,9,0,MIN
2532835,2015,1,124,11,0,MIN
2532835,2014,1,208,19,0,MIN
2532835,2013,1,61,5,0,MIN
2553830,2016,1,395,48,0,NYG
2553830,2015,3,464,42,1,NYG
2553652,2016,0,133,13,0,SF
2553652,2015,0,6,1,0,NE
2552660,2016,0,4,2,0,CLE
2495453,2016,3,126,14,0,LV
2495453,2015,4,201,14,0,LV
2495453,2014,4,693,47,0,LV
2495453,2013,1,431,25,0,LV
497302,2016,6,862,64,0,CIN
497302,2015,0,515,37,0,NE
497302,2014,7,953,74,1,NE
497302,2013,5,627,49,1,CAR
2495488,2015,0,0,0,0,HOU
2495488,2014,3,4,3,0,HOU
2555234,2016,0,18,3,0,HOU
2495461,2016,2,263,29,1,SF
2495461,2015,0,175,25,0,SF
2495461,2015,0,1,2,0,CLE
2495647,2015,9,1214,88,1,DET
2495647,2014,8,1077,71,0,DET
2495647,2013,12,1492,84,1,DET
2553454,2016,0,69,6,0,DAL
2553454,2015,0,0,1,0,DAL
2532790,2016,4,677,47,3,SD
2532790,2015,5,966,68,1,CLE
2532790,2014,3,314,18,0,CLE
2532790,2013,0,105,5,0,CLE
2495211,2016,0,27,2,0,WAS
2495211,2014,1,507,39,1,WAS
2495211,2013,0,51,4,0,WAS
2495338,2014,0,105,9,1,CIN
2495338,2013,0,61,6,0,CIN
71417,2016,1,232,21,1,DEN
71417,2015,0,207,22,0,DEN
2507486,2016,0,0,0,0,NYJ
2507486,2015,1,18,3,0,NYJ
2507486,2014,0,0,0,0,DET
2507486,2013,1,32,3,0,SEA
2556697,2016,0,80,3,0,PHI
2507166,2016,4,752,54,0,CAR
2507166,2015,10,739,44,0,CAR
2507166,2014,0,190,14,0,ARI
2507166,2013,5,556,36,0,CAR
2539958,2013,1,210,22,1,ATL
2543475,2016,3,851,63,0,JAX
2543475,2015,1,191,15,0,JAX
2543475,2014,1,422,37,0,JAX
2552582,2016,0,151,27,0,MIA
2552582,2015,0,90,7,0,MIA
497270,2016,1,116,5,0,JAX
2539217,2016,0,85,12,0,ARI
2539217,2015,0,148,15,0,ARI
2539217,2014,2,395,46,0,ARI
2539217,2013,1,371,39,0,ARI
2553630,2016,0,19,1,0,JAX
2495469,2016,0,94,17,0,NE
2495469,2015,2,388,36,2,NE
2556396,2016,0,273,19,1,IND
2534566,2014,0,25,1,0,PIT
234,2016,1,263,30,0,NYJ
234,2015,3,389,44,1,CHI
234,2014,4,808,102,1,CHI
234,2013,3,594,74,0,CHI
2532831,2013,0,21,3,0,TB
2550597,2016,5,397,38,0,LV
2550597,2015,5,480,32,0,LV
2543715,2016,2,255,43,0,MIN
2543715,2015,1,173,21,0,MIN
2543715,2014,0,135,27,0,MIN
2552647,2016,0,3,1,0,NO
2556519,2016,0,71,6,0,CIN
2531049,2015,1,97,9,0,BAL
2531049,2015,0,54,4,0,SEA
2553568,2016,4,888,66,3,CHI
2553568,2015,0,120,11,0,CHI
2532903,2016,9,945,65,1,TEN
2532903,2015,4,662,43,0,MIA
2532903,2014,2,135,12,1,MIA
2532903,2013,2,448,41,0,MIA
2543471,2016,7,941,63,1,CAR
2543471,2014,9,1008,73,1,CAR
2507405,2016,0,8,1,0,DET
2507405,2015,0,2,1,0,BUF
2507405,2013,1,16,2,0,NE
2508097,2016,3,324,33,0,CLE
2508097,2015,0,276,27,1,CLE
2508097,2014,2,824,63,0,CLE
2508097,2013,0,199,12,0,CIN
497208,2014,0,60,9,0,CLE
497208,2013,0,140,34,1,HOU
2556592,2016,2,97,7,0,NYG
497176,2015,0,23,3,0,JAX
497176,2014,0,186,20,0,JAX
497176,2013,0,88,13,0,MIN
2506400,2016,0,173,15,0,TB
2506400,2015,3,543,33,0,TB
2506400,2014,2,1002,70,1,TB
2506400,2013,7,1224,78,1,TB
2507883,2015,0,77,5,0,NYJ
2507883,2014,3,247,23,0,NYJ
2507883,2013,4,398,26,0,NYJ
2533533,2015,8,797,57,0,NYG
2533533,2014,3,938,71,0,NYG
2533533,2013,6,611,41,1,NYG
1032,2016,14,1257,97,1,GB
1032,2014,13,1519,98,0,GB
1032,2013,8,1314,85,0,GB
2495284,2013,0,122,12,0,NYJ
2540145,2016,2,453,52,0,MIN
2540145,2015,0,10,2,0,MIN
2540145,2014,1,384,33,0,MIN
2540145,2013,4,469,45,0,MIN
2556528,2016,0,2,1,0,NE
2556462,2016,2,587,42,1,NYJ
2540269,2016,1,128,16,0,DEN
2540269,2015,0,183,25,0,DEN
2540269,2014,2,324,34,1,DEN
2540269,2013,0,0,0,0,DEN
2550454,2015,0,1,1,0,NE
2550454,2014,0,0,0,0,SF
2506581,2013,0,0,1,0,TEN
2540203,2016,2,264,13,0,ATL
2540203,2015,0,44,7,0,ATL
2540203,2014,2,238,31,1,ATL
2540203,2013,2,55,11,0,ATL
2539265,2016,0,145,17,1,CIN
2539265,2015,1,94,10,0,CIN
2539265,2014,0,49,7,0,CIN
2540232,2016,5,584,59,1,IND
2540232,2015,1,72,12,0,IND
2540232,2014,2,118,18,0,IND
2540232,2013,0,19,5,0,IND
2535988,2016,1,82,8,1,ARI
2535988,2015,0,5,1,0,ARI
2535988,2013,0,136,4,0,ARI
2556411,2016,0,136,20,0,IND
2556414,2016,1,82,12,0,WAS
2540230,2016,0,266,37,0,BAL
2540230,2015,4,321,41,0,BAL
2540230,2014,1,182,19,2,BAL
2540230,2013,0,0,0,0,BAL
71491,2013,4,440,24,0,TB
284,2016,0,17,3,0,DAL
284,2015,0,328,40,0,DAL
284,2014,0,212,36,0,LV
284,2013,0,108,17,0,LV
2533028,2015,0,79,9,0,DAL
2533028,2014,0,48,4,0,DAL
2533028,2013,0,73,12,0,DAL
497312,2015,0,40,5,0,NYG
497312,2014,2,418,36,0,NYG
2507850,2013,2,75,7,0,ARI
2553725,2016,0,37,3,0,LA
2553725,2015,0,88,13,0,LA
2540928,2016,1,154,14,0,ARI
2540928,2015,3,311,21,0,ARI
2540928,2014,0,71,5,0,ARI
2540156,2016,1,336,39,1,CIN
2540156,2015,0,472,49,1,CIN
2540156,2014,2,349,43,0,CIN
2540156,2013,3,514,56,0,CIN
2505790,2015,0,102,13,0,LA
2505790,2014,2,464,49,0,DEN
2505790,2013,10,778,73,0,DEN
2539341,2014,0,62,9,0,DEN
2539341,2013,0,145,20,1,DEN
2556785,2016,0,126,9,0,PHI
2535535,2016,0,62,4,0,TEN
2535535,2015,0,32,3,1,TEN
2535535,2014,0,27,2,0,BAL
2535535,2014,0,3,1,0,KC
2539327,2014,1,74,6,0,DET
2539327,2013,7,207,18,0,DET
2495224,2013,0,46,4,0,IND
2530598,2016,1,37,4,0,ARI
2530598,2015,0,88,9,0,BAL
2530598,2014,1,314,24,1,DET
2530598,2013,1,59,5,0,DET
2530598,2013,0,8,1,0,GB
2540154,2016,0,63,6,0,SD
2540154,2015,4,725,67,0,SD
2540154,2014,4,783,77,1,SD
2540154,2013,8,1046,71,1,SD
2541388,2016,3,219,16,0,DAL
2541388,2015,0,258,12,0,DAL
2541388,2014,2,280,21,0,LV
2541388,2013,0,103,9,0,LV
2555465,2016,1,53,6,0,PIT
2534437,2015,0,30,5,0,NO
2534437,2014,1,15,2,0,NO
2539326,2013,0,30,4,0,GB
2540171,2015,0,86,10,0,DAL
2540171,2014,0,23,4,0,DAL
2540171,2013,0,61,8,0,DAL
2495234,2016,0,23,5,0,TB
2495234,2015,1,61,9,0,TB
2495234,2014,0,41,7,0,TB
2536532,2015,0,13,2,0,TB
2536532,2014,0,3,1,0,TB
2556612,2016,2,140,9,0,SEA
2552471,2016,1,312,50,0,JAX
2552471,2015,1,279,36,0,JAX
2553318,2016,0,-1,2,0,KC
2553318,2015,0,87,6,0,KC
2537933,2016,1,92,15,1,NYG
2537933,2015,2,223,29,0,NYG
2537933,2014,6,623,63,4,NYG
2537933,2013,0,31,3,0,NYG
2556214,2016,6,593,61,1,KC
2552636,2016,0,0,0,0,DET
2552636,2015,1,39,6,0,DET
497326,2016,4,1077,91,1,DET
497326,2015,6,813,90,1,DET
497326,2014,4,1331,99,1,DET
497326,2013,5,898,64,1,SEA
222,2016,0,210,15,0,TEN
222,2015,2,411,36,0,TEN
222,2014,2,556,51,0,ATL
222,2013,2,1067,85,2,ATL
2553432,2016,0,187,19,0,CHI
2553439,2016,0,25,3,0,SF
2553439,2015,0,38,7,0,SF
2505310,2014,0,0,0,0,SF
2505310,2013,0,17,1,0,SF
2504531,2013,0,-2,0,0,PHI
2556454,2016,0,20,2,0,NYJ
497246,2015,3,76,11,1,NO
497246,2014,0,44,3,0,NE
497246,2013,1,136,12,0,NE
2556463,2016,1,93,11,0,HOU
2550163,2016,0,0,0,0,BAL
2550163,2015,0,35,5,0,BAL
2550163,2014,1,102,7,0,BAL
2495189,2016,3,667,64,1,SF
2495189,2015,2,152,16,0,NYJ
2495189,2014,1,409,38,0,NYJ
2495189,2013,3,523,43,0,NYJ
2552401,2016,0,6,1,0,CHI
2552401,2016,0,7,1,0,MIN
2552401,2015,0,89,10,0,MIN
2550272,2016,2,279,31,0,KC
2550272,2015,2,451,35,0,KC
2550272,2014,0,260,16,0,KC
2495473,2016,0,94,11,1,NYG
2495473,2015,4,494,59,1,NYG
2495473,2014,3,447,52,0,NE
2495473,2013,3,427,47,0,NE
2539936,2013,0,46,8,0,HOU
2540211,2016,1,30,4,0,DAL
2540211,2015,1,64,8,1,DAL
2540211,2014,4,105,9,0,DAL
2540211,2013,2,134,9,0,DAL
2508137,2013,0,30,6,1,GB
2495441,2016,0,-16,1,0,SF
2541768,2015,2,77,9,0,DET
2541768,2014,6,259,26,0,NE
2541768,2013,5,571,54,0,TB
2539335,2014,0,0,0,0,NYJ
2539335,2013,0,13,1,0,NYJ
2495504,2013,0,54,6,0,ARI
2543746,2016,0,41,3,0,TB
2543746,2016,1,72,13,0,PHI
2543746,2015,3,312,27,0,PHI
2543746,2014,0,98,8,1,PHI
2555461,2016,0,55,6,0,PHI
2553434,2016,0,20,1,0,NYJ
2553434,2015,1,115,9,0,NYJ
2555473,2016,0,205,18,1,CLE
2552402,2016,0,44,6,0,BAL
2552402,2015,0,153,18,0,BAL
2556606,2016,2,162,14,1,NYJ
2539256,2015,0,141,13,0,NE
2539256,2014,0,38,3,0,NE
2539256,2013,4,519,37,1,NE
2550656,2016,8,660,57,1,TB
2550656,2015,3,288,23,0,TB
2550656,2014,0,17,1,0,TB
2553467,2016,0,36,3,0,IND
2543801,2016,0,3,1,0,NE
2507999,2016,0,186,20,0,JAX
2507999,2015,1,217,30,1,NYJ
2507999,2014,1,123,18,0,NYJ
2507999,2013,0,10,2,0,NYJ
2535943,2016,0,25,2,0,SD
2535943,2013,2,302,26,0,KC
2555220,2016,0,83,4,0,SD
2507278,2014,0,28,5,0,TEN
2507278,2013,0,36,4,0,TEN
79555,2016,0,78,6,0,MIA
79555,2015,2,227,22,0,HOU
79555,2014,5,327,38,0,HOU
79555,2013,1,183,22,0,HOU
2495267,2016,1,60,8,0,MIA
2495267,2015,3,386,35,1,MIA
2495267,2014,2,424,24,0,CLE
2495267,2013,7,917,80,1,CLE
2550599,2015,0,10,1,0,CAR
2495448,2016,4,610,60,0,GB
2495448,2015,6,829,79,0,GB
2495448,2014,12,1287,91,1,GB
2495448,2013,4,433,31,0,GB
2543466,2016,1,711,61,0,DET
2543466,2015,5,537,47,0,DET
2543466,2014,1,248,25,0,DET
2495471,2016,0,98,13,0,TB
2495471,2015,0,10,1,0,CHI
2495471,2014,1,173,29,0,ATL
2495471,2013,2,341,52,1,ATL
2506363,2015,0,0,0,0,GB
497254,2016,2,729,86,1,BAL
497254,2014,0,125,16,0,BAL
497254,2013,1,169,20,0,BAL
2533436,2016,0,-14,1,0,HOU
80672,2015,0,54,7,0,NYG
80672,2014,4,405,38,0,IND
80672,2013,0,896,56,0,NYG
2495459,2016,3,267,20,0,SF
2495459,2015,4,663,33,0,SF
2495459,2014,11,767,49,0,BAL
2495459,2013,4,1128,65,1,BAL