Player Id,Year,Rushing TDs,Rushing Yards,Rushing Attempts,Fumbles,Team
2543640,2016,0,12,6,0,HOU
2543640,2014,0,-6,6,2,HOU
81306,2016,0,48,3,0,BUF
81306,2014,0,21,3,0,CIN
2555230,2016,2,179,33,0,MIA
2535716,2013,0,-3,2,0,NYJ
2543836,2015,0,-3,1,0,DET
2534789,2016,0,7,2,0,PIT
2534789,2013,0,215,69,0,LA
2552487,2016,0,0,1,0,LV
2552487,2015,0,-3,3,0,LV
784,2013,0,0,1,0,TEN
2556118,2016,1,265,90,0,DET
497236,2016,0,0,1,0,SEA
2530690,2016,0,138,38,1,SF
2530690,2015,0,140,27,0,SF
2530690,2015,0,49,21,1,SEA
2530690,2014,0,64,16,0,GB
2543565,2016,0,87,18,0,SD
2543565,2015,1,257,88,0,NYG
2543565,2014,7,721,217,1,NYG
238498,2016,0,57,12,1,NE
238498,2015,0,23,3,0,NE
238498,2014,0,94,10,0,NE
238498,2013,0,11,2,0,NE
2495227,2013,0,73,20,0,NYG
2543611,2014,0,-12,1,1,CHI
2552415,2016,0,-2,2,0,WAS
2552415,2015,0,2,2,0,WAS
2539303,2016,0,15,7,0,MIN
2539303,2015,2,10,6,0,MIN
2555348,2016,0,0,3,0,HOU
2552374,2016,0,101,18,0,DET
2552374,2015,2,597,143,4,DET
2495450,2014,0,2,2,1,CIN
71269,2014,0,4,1,0,SF
2540175,2016,7,1268,261,3,PIT
2540175,2015,3,556,113,0,PIT
2540175,2014,8,1361,290,0,PIT
2540175,2013,8,860,244,1,PIT
2552631,2016,0,34,9,0,BAL
2552631,2015,1,514,137,2,BAL
2543498,2016,0,30,6,0,NO
2543498,2015,0,18,8,0,NO
2543498,2014,1,73,7,0,NO
497278,2013,0,1,1,0,DAL
2553642,2016,0,0,1,2,MIA
2550512,2016,3,115,35,0,MIA
2550512,2015,0,59,16,1,MIA
2550512,2014,0,122,36,0,MIA
2507164,2016,0,72,37,1,MIN
2507164,2015,11,1485,327,6,MIN
2507164,2014,0,75,21,0,MIN
2507164,2013,10,1266,279,3,MIN
2530658,2015,0,34,2,0,DET
2532960,2014,0,4,1,0,NO
2543695,2016,0,9,4,0,HOU
2543695,2015,0,33,6,0,HOU
2543743,2016,6,988,217,4,SF
2543743,2015,3,470,115,1,SF
2543743,2014,4,333,83,1,SF
2495775,2013,0,4,2,0,SD
2555209,2016,0,19,3,0,BAL
2533012,2013,0,63,13,0,IND
2508123,2015,0,0,6,0,HOU
2508123,2013,0,0,1,0,HOU
2552375,2016,2,144,36,0,CAR
2552375,2015,1,183,45,0,CAR
2533460,2016,7,164,47,0,IND
2533460,2015,1,139,32,0,DAL
2533460,2015,0,60,18,0,CLE
2533460,2014,0,310,74,1,SEA
2533460,2013,0,264,77,0,SEA
71333,2013,0,0,1,1,CIN
2495331,2013,0,-4,3,0,WAS
497123,2015,0,-3,3,0,WAS
497123,2014,1,66,16,2,WAS
497123,2013,0,-6,6,0,SF
2495863,2015,0,-8,8,0,SEA
2495863,2013,1,1,4,0,SEA
2540208,2014,0,0,1,1,PIT
2506053,2013,0,-4,3,0,NO
2504775,2016,2,20,23,0,NO
2504775,2015,1,14,24,0,NO
2504775,2014,1,68,27,2,NO
2504775,2013,3,52,35,0,NO
2552453,2016,8,520,118,1,ATL
2552453,2015,1,392,87,3,ATL
2550481,2016,2,111,30,0,NYG
2550481,2015,1,153,36,0,NYG
2550481,2014,1,21,5,0,NYG
2550481,2014,0,2,4,0,MIA
2506121,2016,0,35,14,2,SD
2506121,2015,0,28,17,2,SD
2506121,2014,0,102,37,4,SD
2506121,2013,0,72,28,2,SD
2550284,2014,0,10,5,0,PHI
2532865,2014,0,20,2,0,IND
2532865,2013,0,6,2,0,IND
2532887,2014,0,15,2,0,SEA
2506874,2016,1,-3,12,1,BUF
2506874,2015,0,28,8,0,SF
2506874,2014,2,297,76,0,DET
2506874,2013,4,1006,223,5,DET
2532923,2014,1,23,1,0,NYJ
497322,2016,0,4,1,0,DEN
497322,2015,0,29,3,0,DEN
497322,2014,0,44,8,0,DEN
497322,2013,0,25,1,0,PIT
2553486,2015,0,12,2,0,IND
2550448,2014,0,30,7,0,LA
2556075,2016,5,490,110,0,TEN
2535708,2016,1,31,9,0,DAL
2535708,2015,0,67,5,0,DAL
2535708,2014,0,99,29,0,DAL
2535708,2013,0,150,30,0,DAL
2550546,2016,0,6,2,0,CAR
2550546,2015,0,38,6,0,CAR
2550546,2014,0,95,8,0,CAR
2553733,2016,3,349,109,0,SEA
2553733,2015,4,830,147,1,SEA
2553728,2016,0,6,1,0,SF
2532917,2015,0,-1,2,1,DAL
89798,2016,0,47,10,2,TB
89798,2015,0,11,1,0,CHI
89798,2014,2,144,23,1,ATL
89798,2013,2,145,5,0,ATL
2539291,2014,0,19,4,0,PIT
2555460,2016,0,456,112,1,NYG
2508101,2014,0,5,3,0,NE
2508101,2013,1,10,4,0,NE
2532841,2014,0,2,1,0,ARI
2542065,2016,0,-3,3,0,LV
2542065,2014,0,3,2,0,LV
2542065,2013,0,27,11,2,LV
2495341,2015,0,47,10,1,HOU
2495467,2016,0,-8,1,0,LV
2495467,2015,0,74,16,1,LV
2495467,2013,0,23,5,0,LV
2553435,2016,16,1239,293,5,ARI
2553435,2015,8,581,125,2,ARI
2543770,2016,1,149,51,1,TB
2543770,2015,0,529,107,1,TB
2543770,2014,1,185,66,2,TB
2555260,2016,6,282,57,3,DAL
2533034,2016,5,1073,268,2,HOU
2533034,2015,8,872,194,1,MIA
2533034,2014,8,1099,216,2,MIA
2533034,2013,2,709,177,1,MIA
1037885,2016,0,15,1,0,TEN
1037885,2015,0,0,0,0,CHI
2505889,2016,0,0,1,1,PHI
497149,2016,18,1161,299,2,NE
497149,2015,6,703,165,1,NE
497149,2014,3,281,60,0,NE
497149,2014,2,266,65,1,PIT
497149,2013,7,772,153,3,NE
2552383,2016,0,12,3,0,SEA
2552383,2015,0,5,2,0,BAL
2552475,2016,6,885,278,2,LA
2552475,2015,10,1106,229,3,LA
2533039,2014,0,33,6,1,CHI
2533039,2013,0,105,16,0,CHI
2543590,2015,0,1,2,0,DEN
79607,2016,13,1267,234,3,BUF
79607,2015,3,895,203,1,BUF
79607,2014,5,1319,312,3,PHI
79607,2013,9,1607,314,1,PHI
2495186,2016,2,468,69,2,SF
2495186,2015,1,256,45,4,SF
2495186,2014,1,639,104,5,SF
2495186,2013,4,524,92,3,SF
2532899,2016,3,421,144,1,TB
2532899,2015,6,1402,288,4,TB
2532899,2014,2,494,134,0,TB
2532899,2013,1,456,127,1,TB
2552656,2016,1,83,4,0,ARI
2552656,2015,0,0,1,0,ARI
2508112,2014,0,1,1,0,ARI
941,2013,4,660,214,2,BAL
2555418,2016,6,1313,252,1,CHI
2552466,2016,2,349,60,7,TEN
2552466,2015,2,252,34,2,TEN
2495159,2015,0,12,2,0,NYG
2495159,2014,0,7,4,0,DAL
2495159,2013,0,6,1,0,DAL
949,2016,9,824,218,3,CAR
949,2015,6,989,242,3,CAR
949,2014,3,809,175,2,CAR
949,2013,0,180,48,1,CAR
71345,2016,3,593,181,0,NYG
71345,2015,3,863,195,1,NYG
71345,2014,4,639,167,0,NYG
71345,2013,6,733,163,0,LV
2553762,2016,0,151,31,0,ATL
2553762,2015,1,95,29,0,ATL
2532975,2016,1,259,72,2,SEA
2532975,2015,1,553,103,4,SEA
2532975,2014,6,849,118,5,SEA
2532975,2013,1,539,96,2,SEA
2556885,2016,1,491,83,0,LV
2543551,2016,0,126,32,0,CHI
2543551,2015,2,159,43,1,CHI
2543551,2014,0,158,36,0,CHI
2533032,2014,3,519,159,2,IND
2533032,2013,3,458,157,2,IND
2533032,2013,0,105,31,0,CLE
2508061,2016,0,9,3,0,PIT
2508061,2015,0,28,3,0,PIT
2508061,2014,0,13,4,0,PIT
2508061,2013,0,4,7,0,PIT
1581,2014,0,7,4,0,WAS
1581,2013,0,2,3,0,PHI
2555346,2016,0,-3,1,0,HOU
2535696,2016,0,7,2,0,JAX
2535696,2014,0,88,21,0,MIN
2550263,2016,1,26,8,0,DEN
2550263,2015,0,48,18,0,DEN
2550263,2014,3,272,54,1,DEN
2543499,2016,0,70,39,3,LV
2543499,2015,0,138,33,2,LV
2543499,2014,0,92,29,6,LV
2541910,2015,0,1,4,0,DET
2541910,2014,0,73,19,0,DET
2508004,2015,0,3,1,1,BAL
2506340,2016,5,134,48,2,KC
2506340,2015,2,498,84,2,KC
2506340,2014,1,254,49,1,KC
2506340,2013,1,431,76,3,KC
2543488,2016,0,17,5,0,MIA
2543488,2015,1,113,18,0,MIA
2543488,2014,0,-4,2,0,MIA
2506364,2014,0,1,1,0,CIN
2506364,2013,0,107,14,0,CLE
2550175,2014,0,2,2,0,CLE
2530763,2015,0,0,1,0,ATL
2533038,2013,0,-1,1,0,JAX
71217,2014,0,14,2,0,LA
2555558,2016,0,0,1,1,NYJ
2536031,2015,0,6,1,0,NE
2536031,2014,0,19,5,0,HOU
1970,2013,0,44,11,0,IND
1970,2013,0,126,35,0,BUF
2507737,2015,0,10,6,1,WAS
2507737,2014,3,22,9,0,WAS
2507737,2013,3,41,12,0,WAS
2550313,2015,0,11,1,0,GB
2506444,2014,1,14,15,0,BUF
2506444,2013,0,8,1,0,DAL
2550738,2016,0,58,14,0,PIT
2550738,2015,0,42,18,0,PIT
2550738,2014,0,12,6,0,BAL
2553446,2016,0,2,1,1,CLE
2553660,2016,0,109,20,2,HOU
2553660,2015,0,96,17,0,HOU
2506106,2016,0,5,2,0,ARI
2506106,2013,0,8,2,0,ARI
79860,2016,2,207,37,0,DET
79860,2015,1,159,44,1,DET
79860,2014,2,93,43,2,DET
79860,2013,2,69,37,8,DET
2535869,2013,0,17,2,0,LV
2505777,2013,0,23,11,0,BAL
2534241,2014,0,2,1,0,SF
2532970,2015,1,17,7,0,HOU
2532970,2015,0,30,9,0,DAL
2532970,2014,0,-1,6,1,DAL
2532970,2013,0,44,12,0,CLE
81284,2015,0,-2,2,0,KC
81284,2014,0,15,4,0,KC
81284,2013,0,52,14,0,KC
2550252,2014,0,9,7,1,CLE
2495660,2013,0,182,47,0,TB
80644,2013,0,61,7,0,NYJ
1990,2015,0,-1,1,0,CHI
1990,2014,0,14,3,0,SD
1990,2013,0,21,3,0,SD
2553621,2016,0,82,10,1,DAL
2553621,2015,0,107,10,0,DAL
2555229,2016,2,382,88,1,BAL
2534819,2016,0,27,2,1,LV
2537931,2013,0,88,5,0,CLE
2507029,2015,0,4,1,0,ATL
4327,2016,0,116,19,0,SD
4327,2015,3,336,98,0,SD
4327,2014,0,38,15,0,SD
4327,2013,2,429,106,1,SD
2495966,2016,0,11,2,0,TEN
2495966,2015,0,36,1,0,TEN
2532978,2015,0,29,1,0,MIN
2532978,2014,0,71,5,0,MIN
2543603,2016,9,839,222,0,CIN
2543603,2015,11,794,223,3,CIN
2543603,2014,9,1124,222,4,CIN
2550658,2015,0,108,31,0,SD
2550658,2014,3,582,160,0,SD
2504833,2016,0,5,5,0,MIN
2504833,2015,0,-5,4,0,MIN
2504833,2014,1,10,10,2,LA
2504833,2013,0,-2,2,0,DET
2533349,2015,0,33,7,1,CLE
2533349,2014,0,36,16,1,LA
2543462,2015,0,230,37,0,CLE
2543462,2014,1,29,9,0,CLE
2555317,2016,0,1,1,0,TEN
2495585,2014,0,3,1,0,SF
2552470,2016,0,14,4,0,PIT
2495454,2014,0,1,1,0,ATL
2495454,2013,0,7,1,0,ATL
2530747,2016,0,2,3,0,SEA
2530747,2014,0,8,1,0,SEA
2530747,2013,0,6,2,0,SEA
2532876,2014,0,-2,2,1,KC
2532876,2013,0,6,2,0,KC
2495240,2016,6,580,95,3,BUF
2495240,2015,4,568,104,4,BUF
2495240,2014,0,-3,4,0,BAL
2495240,2013,0,64,8,0,BAL
2555259,2016,2,150,46,4,PHI
2495967,2014,0,57,13,0,TEN
2495967,2013,0,1,1,0,NE
2555227,2016,1,94,27,2,BUF
2531332,2016,1,21,8,1,CLE
2531332,2015,0,-1,1,0,CLE
2531332,2013,2,576,83,2,LV
2504211,2016,0,64,28,1,NE
2504211,2015,3,53,34,1,NE
2504211,2014,0,57,36,1,NE
2504211,2013,0,18,32,3,NE
2553533,2015,0,19,4,0,GB
2495328,2016,3,722,131,0,NYJ
2495328,2015,1,313,70,1,NYJ
2495328,2014,1,141,33,0,NYJ
2495328,2013,1,697,176,1,NYJ
2649,2015,0,11,2,0,NE
2649,2013,0,1,1,0,NE
2552597,2016,0,2,1,0,BAL
2555466,2016,0,58,4,0,CIN
497121,2013,1,52,24,3,BUF
2543496,2016,0,9,1,0,NYG
2543496,2015,0,3,1,0,NYG
2543496,2014,0,35,7,0,NYG
2555333,2016,0,10,2,0,CLE
2550189,2016,7,952,198,2,CLE
2550189,2015,4,706,185,0,CLE
2550189,2014,8,607,148,3,CLE
2533435,2016,1,1,1,0,KC
2533435,2015,1,1,1,0,KC
2540204,2016,3,921,214,3,KC
2540204,2015,6,403,72,0,KC
2540204,2013,0,10,3,0,SEA
2532838,2016,1,2,1,0,NO
2495139,2013,1,15,7,0,MIA
2507585,2013,0,1,1,0,JAX
2541429,2015,0,6,6,0,HOU
2505076,2016,0,21,7,2,CLE
2505076,2015,1,98,20,3,CLE
2505076,2014,3,127,25,1,TB
2505076,2013,1,69,13,1,CHI
2543572,2015,1,37,5,0,PIT
2543572,2014,0,12,3,0,PIT
2543773,2016,0,166,39,0,NE
2543773,2015,2,56,22,0,NE
2543773,2014,0,38,9,0,NE
2540037,2016,0,265,57,1,CAR
2540037,2015,1,108,25,0,CAR
2540037,2014,1,145,32,0,CAR
2540037,2013,0,79,28,0,CLE
497172,2015,1,44,21,0,BUF
497172,2014,2,432,105,1,BUF
497172,2013,2,56,28,0,SF
81869,2013,0,14,4,0,BAL
230,2016,0,13,8,0,BUF
230,2015,0,2,1,0,BUF
230,2014,0,27,4,0,MIN
71265,2014,0,0,1,0,LA
2507428,2016,0,114,35,0,CAR
2507428,2015,1,256,62,0,CAR
2507428,2014,0,78,37,0,CAR
2507428,2013,5,361,101,0,CAR
2533540,2014,0,2,1,0,NO
2533540,2013,2,171,43,0,CLE
2541785,2016,0,15,2,0,MIN
2541785,2015,0,89,4,0,MIN
2543600,2016,1,420,100,2,HOU
2543600,2015,2,698,183,2,HOU
2543600,2014,2,528,169,0,HOU
2553631,2016,4,334,88,1,DET
2553631,2015,0,60,17,0,DET
2555261,2016,1,83,16,2,NE
2495824,2016,0,24,5,1,CHI
2495824,2015,1,201,38,2,CHI
2495824,2014,2,191,39,3,CHI
2495824,2013,0,118,23,1,CHI
2533046,2015,0,1,1,0,IND
2507282,2016,0,-1,1,0,MIA
2507282,2015,0,-2,3,0,MIA
2507282,2014,0,-2,2,0,MIA
496760,2015,0,0,1,0,JAX
2539336,2016,1,159,28,1,LA
2539336,2015,4,434,52,0,LA
2539336,2014,2,224,36,0,LA
2539336,2013,1,151,9,0,LA
2541616,2013,0,15,2,0,TB
2556440,2016,0,2,1,0,SEA
2506448,2013,4,238,58,1,NYG
497190,2016,0,2,3,0,SD
497190,2015,1,247,55,1,TEN
497190,2014,0,131,40,0,TEN
497190,2013,0,5,8,0,KC
2541147,2014,0,-11,1,0,MIN
2555224,2016,15,1631,322,5,DAL
2495663,2015,3,417,111,0,SEA
2495663,2014,13,1306,280,1,SEA
2495663,2013,12,1257,301,3,SEA
2553348,2016,0,-3,1,1,PIT
2552428,2015,0,8,1,0,TEN
2556752,2016,0,11,3,0,NO
163982,2015,1,7,4,0,PIT
163982,2014,0,0,2,0,PIT
310,2016,0,117,35,1,ATL
310,2015,0,63,36,4,ATL
310,2014,0,145,29,1,ATL
310,2013,0,55,17,1,ATL
2505587,2014,0,4,1,0,SF
2505587,2013,0,11,2,0,SF
497206,2016,0,145,63,0,GB
497206,2015,2,601,148,4,GB
497206,2014,2,333,85,1,GB
497206,2013,3,493,89,1,GB
2555430,2016,1,125,31,2,SEA
2495748,2016,0,-3,3,0,ARI
2495748,2015,0,-13,13,0,ARI
2495748,2014,0,63,25,0,ARI
2540225,2015,0,2,2,0,NYJ
2540225,2014,0,3,1,0,NYJ
2540225,2013,0,62,17,0,NYJ
2552608,2016,0,10,3,0,MIN
2552608,2015,0,13,3,0,MIN
367,2014,0,-10,10,0,GB
367,2013,0,61,17,2,GB
367,2013,0,4,3,2,LV
2550617,2016,1,51,4,0,ATL
2550617,2014,0,10,4,0,CLE
2539290,2015,0,10,1,0,CLE
2533040,2016,0,5,1,0,ATL
2533040,2015,2,71,10,0,CIN
2533040,2014,0,51,7,0,CIN
2533040,2013,0,16,4,0,CIN
2553737,2016,0,6,1,0,PIT
2550500,2014,0,19,1,0,TB
2495466,2016,6,1043,205,2,NO
2495466,2015,6,769,166,1,NO
2495466,2014,9,964,226,1,NO
2495466,2013,1,386,78,0,NO
2552424,2016,0,10,2,0,IND
2552424,2015,0,17,3,0,IND
2552430,2016,1,114,6,0,SEA
2552430,2015,0,20,5,0,SEA
2539250,2015,0,5,1,0,SF
2539250,2014,0,20,1,1,SF
2539250,2013,0,26,1,0,SF
2534889,2014,0,2,1,0,NYJ
2534889,2013,0,37,5,1,NYJ
2505936,2015,1,50,21,0,NE
2505936,2014,6,707,190,0,ATL
2505936,2013,6,543,157,0,ATL
2532900,2015,0,6,1,0,NE
2552464,2016,0,3,1,0,TEN
2552464,2015,1,13,7,0,TEN
2643,2014,0,0,1,0,ARI
2506404,2016,4,1025,263,2,IND
2506404,2015,6,967,260,4,IND
2506404,2014,4,1106,255,2,SF
2506404,2013,9,1128,276,3,SF
2556841,2016,0,64,19,0,PHI
497204,2016,0,9,3,0,NYJ
497204,2016,0,9,3,0,SEA
497204,2015,0,112,36,1,NO
497204,2014,0,300,78,3,BUF
497204,2013,2,933,202,4,BUF
2533033,2016,2,190,31,2,CLE
2533033,2014,1,176,38,4,WAS
2533033,2013,0,489,86,5,WAS
2532820,2016,4,96,34,3,WAS
2532820,2015,5,48,26,5,WAS
2532820,2014,0,20,7,0,WAS
2532820,2013,0,14,4,0,WAS
2540169,2016,0,6,1,0,BUF
2540169,2015,0,0,1,0,BUF
2540169,2013,0,16,2,0,BUF
2555464,2016,2,467,87,1,LV
2501078,2015,0,15,16,0,IND
2501078,2014,0,-11,8,0,IND
2501078,2013,0,-2,2,0,IND
2540224,2016,0,19,4,0,TB
2540224,2014,0,37,19,0,TB
2540224,2013,0,295,60,0,TB
2543704,2016,0,0,1,0,BAL
2543704,2015,1,47,13,0,BAL
2543704,2014,4,292,68,1,BAL
2539260,2016,0,144,41,0,JAX
2539260,2015,1,266,67,3,JAX
2539260,2014,4,582,135,2,JAX
2539260,2013,0,66,20,3,JAX
2532884,2016,0,3,1,0,DET
2532884,2015,0,33,5,0,CIN
2532884,2013,0,65,8,0,CIN
2541556,2016,0,6,1,0,DEN
2532977,2016,0,15,1,0,TEN
2532977,2015,0,17,5,0,TEN
2532977,2014,0,54,4,0,TEN
2556801,2016,0,192,60,1,SD
2555295,2016,0,31,3,0,NYG
2535964,2016,0,37,4,0,CHI
2535890,2016,0,19,4,0,NO
2535890,2015,0,12,4,1,NO
2535890,2015,0,16,7,0,SF
2535890,2014,0,32,10,1,NO
2543491,2016,0,5,1,0,SEA
2555263,2016,1,105,8,0,CLE
2507597,2015,0,-1,1,0,IND
2555387,2016,0,18,11,3,CLE
2533457,2016,2,243,69,0,DAL
2533457,2015,1,751,202,0,WAS
2533457,2014,8,1074,265,2,WAS
2533457,2013,7,1275,276,5,WAS
2495826,2014,0,4,1,0,SF
2555417,2016,1,172,30,0,SEA
2507763,2016,0,31,5,0,BAL
2507763,2015,0,6,1,0,MIN
2507763,2014,0,16,4,1,MIA
2507763,2013,0,33,3,0,MIA
2552429,2016,3,457,77,1,GB
2552429,2015,0,14,3,0,GB
2506467,2016,2,438,94,0,PHI
2506467,2015,3,317,83,0,PHI
2506467,2014,6,329,57,2,PHI
2506467,2013,2,220,53,1,NO
2550268,2016,1,293,88,0,KC
2550268,2015,4,634,160,1,KC
2495472,2016,0,59,9,0,IND
2495472,2015,0,22,4,0,PIT
2495472,2014,1,186,32,0,JAX
2495472,2013,2,256,76,0,JAX
2552477,2016,2,150,34,0,GB
2506613,2016,0,26,2,1,SEA
2506613,2014,0,5,2,1,SEA
2556466,2016,1,223,55,0,TB
2552588,2016,0,-2,3,1,GB
2495258,2016,6,402,121,1,MIN
2495258,2015,0,112,29,0,MIN
2495258,2014,9,570,164,1,MIN
2495258,2013,3,166,44,1,MIN
2527672,2016,0,2,2,0,SEA
2527672,2015,1,1,4,1,SEA
2527672,2014,0,2,1,0,SEA
2552600,2016,0,14,5,0,PHI
2535698,2016,0,7,1,0,DAL
2540142,2013,2,4,4,0,NYJ
2536044,2016,2,47,17,0,LV
2536044,2015,1,110,24,0,LV
2536044,2014,0,0,2,0,LV
2536044,2013,0,6,3,0,LV
80429,2016,0,-1,1,0,KC
80429,2015,0,14,3,0,KC
2495979,2016,4,343,98,0,PIT
2495979,2015,11,907,200,3,PIT
2495979,2014,0,219,62,1,CAR
2495979,2013,3,843,201,1,CAR
2533544,2013,0,14,2,0,TB
497145,2016,0,6,3,0,CHI
497145,2015,4,311,90,1,DET
497145,2014,7,860,223,5,DET
497145,2013,8,650,166,4,DET
2556477,2016,0,1,8,0,SEA
2534770,2016,0,105,23,0,HOU
2534770,2015,1,282,56,0,HOU
2534770,2014,0,153,39,0,HOU
2534770,2013,1,73,21,0,HOU
2552578,2015,0,2,1,0,IND
2553743,2015,0,5,2,0,SEA
79589,2015,0,4,2,0,SD
2506109,2016,1,14,16,2,PIT
2506109,2015,0,29,15,1,PIT
2506109,2014,0,27,33,5,PIT
2506109,2013,1,99,27,3,PIT
2505996,2016,0,-9,21,0,NYG
2505996,2015,0,61,20,3,NYG
2505996,2014,1,31,12,0,NYG
2505996,2013,0,36,18,3,NYG
80674,2014,1,50,14,0,CAR
80674,2013,0,240,49,1,CLE
2552461,2016,1,358,73,1,CLE
2552461,2015,0,379,104,0,CLE
2552635,2016,3,460,99,3,WAS
2552635,2015,3,490,144,4,WAS
4263,2013,0,0,2,2,TEN
2550162,2016,0,-6,2,0,CIN
2550162,2014,0,30,3,0,CIN
4433,2016,0,0,2,0,SEA
4433,2015,0,36,10,0,LV
4433,2014,0,85,21,1,LV
4433,2013,2,218,46,0,LV
262,2016,1,95,25,0,ARI
262,2015,3,814,196,2,ARI
262,2014,1,663,155,1,NYJ
262,2013,6,1077,279,2,TEN
768,2013,0,10,1,0,BUF
2533437,2016,0,81,23,0,SD
2533437,2016,0,50,18,0,MIN
2533437,2015,7,863,207,2,DEN
2533437,2014,3,434,106,1,DEN
2533437,2013,1,218,55,2,DEN
2540160,2013,0,18,1,0,WAS
497288,2013,0,15,5,0,LV
2540020,2016,1,357,92,0,DET
2540020,2015,0,133,43,1,DET
2540020,2014,0,51,20,0,DET
2540020,2013,1,25,9,0,DET
2554138,2015,0,5,1,0,SEA
2501863,2015,0,-6,6,0,DEN
2501863,2014,0,-24,24,3,DEN
2501863,2013,1,-31,32,5,DEN
2552469,2016,10,997,254,2,SD
2552469,2015,0,641,184,5,SD
2540005,2013,0,-2,1,0,BAL
2550400,2016,0,5,2,0,DAL
2540237,2015,0,-6,1,0,MIN
2532797,2016,0,4,1,0,NE
2532797,2015,0,207,63,0,NE
2532797,2014,1,89,28,0,NE
2532797,2013,3,271,55,0,NE
2506472,2013,0,-5,1,0,LA
2539228,2016,0,22,8,1,BUF
2539228,2015,1,64,17,0,BUF
2539228,2014,1,52,16,0,BUF
2539228,2013,2,186,53,3,BUF
2507248,2013,0,0,1,1,MIA
2543457,2015,0,1,1,0,BUF
2543457,2014,0,8,2,0,BUF
2495207,2016,9,1287,293,3,TEN
2495207,2015,6,702,193,2,PHI
2495207,2014,13,1845,392,3,DAL
2495207,2013,9,1121,217,2,DAL
2539964,2014,0,8,3,0,BUF
2539964,2013,0,13,3,0,BUF
2507629,2013,0,1,1,0,ATL
2532956,2016,1,164,39,4,MIA
2532956,2015,1,141,32,2,MIA
2532956,2014,1,311,56,4,MIA
2532956,2013,1,238,40,3,MIA
2507141,2015,0,52,11,0,WAS
2507141,2015,0,12,4,0,SF
2507141,2014,2,222,45,0,NO
2507141,2013,2,549,147,0,NO
2553617,2016,1,28,9,0,PHI
2534871,2015,0,32,8,0,SEA
2534871,2013,0,3,2,0,SEA
2495455,2016,5,359,90,1,CAR
2495455,2015,10,636,132,4,CAR
2495455,2014,5,539,103,3,CAR
2495455,2013,6,585,111,1,CAR
2542022,2016,0,22,8,1,NYJ
2542022,2015,4,180,56,0,NO
2542022,2014,3,362,76,1,NO
2542022,2013,1,224,54,0,NO
2555316,2016,0,25,11,0,DEN
497110,2013,0,0,1,0,CLE
2525323,2014,0,48,1,0,MIN
2556805,2016,0,43,6,1,LV
1062,2016,0,10,2,0,NE
2534571,2016,0,63,17,0,NYG
2534571,2015,0,18,5,1,TB
2534571,2014,1,406,94,1,TB
2534571,2013,5,532,137,1,TB
2534571,2013,0,34,13,0,CLE
2553650,2016,1,164,32,0,JAX
2553650,2015,0,2,6,1,JAX
2495143,2016,4,184,46,5,CIN
2495143,2015,3,142,57,3,CIN
2495143,2014,4,169,60,2,CIN
2495143,2013,2,183,61,1,CIN
2506895,2016,0,-1,2,0,SD
2506895,2015,0,-1,1,0,SD
2506895,2013,0,64,23,2,LA
2539663,2016,8,577,101,0,BUF
2539663,2015,3,267,47,1,BUF
2539663,2013,0,21,6,0,MIA
1037347,2015,0,-1,1,0,CAR
2541544,2016,0,101,21,1,LA
2541544,2015,0,140,37,1,LA
2541544,2014,3,246,66,0,LA
2541544,2013,1,261,47,2,LA
2495340,2015,0,0,1,0,KC
2495340,2014,0,8,2,0,KC
2495340,2013,0,3,2,0,KC
2543682,2015,1,193,47,1,TEN
2543682,2014,2,569,152,2,TEN
2346,2013,0,19,2,0,WAS
2542246,2016,0,16,1,1,BUF
2542246,2015,0,0,1,1,BUF
2540168,2016,0,360,71,0,GB
2540168,2015,3,758,187,3,GB
2540168,2014,9,1139,246,3,GB
2540168,2013,11,1178,284,1,GB
2539322,2016,1,114,31,0,GB
2539322,2016,6,469,117,1,SEA
2539322,2015,0,192,39,0,SEA
2539322,2015,0,51,15,0,DAL
2539322,2014,0,175,34,1,SEA
2539322,2013,0,79,18,0,SEA
2499249,2016,0,2,1,0,CHI
2543847,2016,0,10,1,0,ARI
2543847,2015,0,22,3,0,ARI
2543847,2014,0,-6,3,0,ARI
2543664,2016,5,774,193,2,BAL
2543664,2015,0,180,46,0,BAL
2543664,2015,0,51,16,2,TEN
2543664,2014,4,673,171,1,CLE
2539308,2016,0,2,7,2,CHI
2539308,2014,0,0,3,0,PHI
2539308,2013,0,-2,2,0,PHI
2543750,2016,1,38,2,0,GB
497188,2016,8,661,155,3,PHI
497188,2015,6,539,106,3,PHI
497188,2014,3,330,74,1,SD
497188,2013,6,1255,285,2,SD
925,2016,1,40,12,0,KC
925,2015,4,364,71,2,KC
925,2014,9,1033,206,4,KC
925,2013,12,1287,259,4,KC
2550542,2016,0,129,29,0,DEN
2553457,2016,0,57,28,1,DEN
2553457,2015,0,-1,1,0,DEN
79629,2016,0,15,6,0,CIN
79629,2014,0,43,15,1,CIN
79629,2013,0,17,8,0,CIN
2552382,2016,0,39,18,1,LA
2552382,2015,0,17,4,0,LA
2532888,2016,1,51,20,0,LA
2532888,2015,0,5,12,2,LA
2532888,2014,0,35,10,0,HOU
2532888,2013,1,72,14,0,HOU
2543465,2015,3,192,44,3,MIN
2543465,2014,1,209,47,0,MIN
2533000,2013,0,0,1,0,JAX
2541161,2016,12,788,195,2,LV
2541161,2015,6,1066,266,3,LV
2541161,2014,2,424,82,1,LV
2543638,2016,0,29,4,0,KC
2543638,2015,1,34,9,0,KC
2543638,2014,1,113,14,0,KC
81294,2016,0,-2,7,2,CHI
81294,2015,0,44,15,0,HOU
81294,2014,0,39,24,2,CLE
81294,2013,0,16,6,0,CLE
927,2016,1,155,43,2,DEN
927,2016,0,38,13,0,DET
927,2016,0,98,31,0,BAL
927,2015,2,641,151,0,BAL
927,2014,8,1266,235,1,BAL
927,2013,0,31,6,0,JAX
2507591,2013,0,12,10,1,PIT
2555223,2016,4,612,174,2,DEN
2553895,2016,0,18,5,0,TB
2540011,2016,3,356,68,1,WAS
2540011,2015,0,216,35,1,WAS
2540011,2014,0,12,3,0,WAS
2495179,2014,0,-2,1,0,NYG
2495179,2013,1,57,2,0,NYG
2530515,2016,0,9,3,0,NE
2530515,2015,0,4,1,0,BUF
2539961,2014,0,-3,2,0,NYG
2539980,2016,2,157,18,0,ARI
2539980,2015,1,142,27,1,ARI
2539980,2014,0,246,53,1,ARI
497095,2016,0,53,20,1,MIN
497095,2015,0,39,26,4,PHI
497095,2013,0,31,15,1,LA
2540259,2013,0,43,6,0,CLE
2495611,2013,0,22,1,0,TB
2552379,2016,4,200,62,2,CHI
2552379,2015,6,537,148,0,CHI
2543828,2016,0,12,1,0,NYJ
2539205,2013,0,4,3,0,DAL
2495215,2014,1,16,4,0,MIN
2495215,2013,4,151,34,3,MIN
497320,2014,0,21,2,0,WAS
2552576,2016,0,-1,1,1,LA
2506546,2016,0,4,1,1,CAR
2506546,2015,0,-2,7,1,CAR
2506546,2014,0,24,8,2,CAR
2506546,2013,0,0,5,0,CAR
2495288,2014,0,3,2,0,DEN
2540178,2016,0,23,13,0,KC
2540178,2016,0,5,5,0,GB
2540178,2015,1,72,28,0,KC
2540178,2014,6,463,134,3,KC
2540178,2013,4,242,70,1,KC
2540267,2013,0,4,2,0,JAX
2541944,2016,0,9,1,0,TB
80425,2016,0,11,1,0,BUF
80425,2015,0,31,5,0,BUF
80425,2014,0,110,22,0,NYJ
80425,2014,1,92,11,0,SEA
2530990,2013,1,12,9,1,DAL
2543583,2016,11,1079,227,1,ATL
2543583,2015,11,1056,265,2,ATL
2543583,2014,1,248,65,1,ATL
2540258,2016,0,-5,1,0,KC
2555219,2016,0,32,11,0,NO
2543570,2014,2,86,29,0,JAX
2530703,2013,0,6,1,0,GB
2555432,2016,1,33,4,0,DEN
2539315,2016,0,12,4,0,ARI
2539315,2015,0,58,17,0,ARI
2539315,2014,1,208,63,0,ARI
2539315,2013,0,115,36,0,ARI
2543614,2016,0,-1,1,0,IND
2543614,2014,0,17,4,0,IND
2543477,2016,3,359,58,2,JAX
2543477,2015,2,310,52,5,JAX
2543477,2014,0,419,56,3,JAX
2540202,2014,0,-2,1,0,NO
2540202,2013,0,10,3,0,NO
2506871,2015,0,100,26,0,SEA
2506871,2014,2,525,141,0,BUF
2506871,2013,9,890,206,2,BUF
2550407,2015,0,20,5,0,IND
2550407,2014,0,18,10,0,IND
2539289,2016,2,129,27,0,PHI
2539289,2015,0,124,28,1,PHI
2539289,2013,0,7,6,0,CAR
2550206,2014,0,0,1,0,CIN
2550540,2016,1,34,7,0,CLE
2506147,2016,4,37,18,0,NO
2506147,2015,2,28,9,0,GB
2506147,2014,1,85,24,0,GB
2506147,2013,1,38,10,0,GB
2507918,2013,0,0,1,1,SEA
4487,2016,0,5,1,0,NE
382,2016,2,58,21,1,BAL
382,2015,3,23,13,3,BAL
382,2014,2,70,39,3,BAL
382,2013,1,131,27,0,BAL
2506821,2014,0,0,1,0,NYG
2506821,2013,0,0,1,0,NYG
2541834,2013,0,-8,1,0,NO
2543646,2015,0,7,1,0,SF
2543646,2014,1,28,6,0,SF
2504747,2013,0,5,1,0,IND
2506897,2014,1,36,6,0,ATL
2507596,2015,0,-1,1,0,BUF
2507596,2013,0,18,6,0,MIA
2495468,2013,0,9,2,0,DET
2533036,2014,0,9,3,0,MIA
2533036,2014,0,0,2,0,SF
2533036,2013,0,59,12,0,SF
80427,2016,1,60,1,0,PIT
80427,2013,0,26,3,0,IND
2533545,2015,0,11,6,0,JAX
2533545,2014,2,366,93,1,BAL
2533545,2013,2,436,152,0,BAL
1037847,2013,0,51,12,0,HOU
4383,2016,4,548,133,0,NO
4383,2015,4,375,96,0,NO
2553867,2016,1,82,8,0,WAS
2532835,2016,1,1,1,0,MIN
2505245,2016,0,38,14,5,ARI
2505245,2015,1,24,25,2,ARI
2505245,2014,0,25,8,1,ARI
2505245,2013,0,3,27,0,ARI
2533031,2016,2,341,64,3,IND
2533031,2015,0,196,33,1,IND
2533031,2014,3,273,64,4,IND
2533031,2013,4,377,63,1,IND
2506969,2016,0,-23,2,0,BAL
2506969,2015,0,7,1,0,BAL
497302,2016,0,-2,1,0,CIN
497302,2015,0,9,2,0,NE
497302,2014,0,13,2,0,NE
497302,2013,0,15,2,0,CAR
2555234,2016,0,3,1,0,HOU
2495461,2016,4,196,74,0,SF
2495461,2015,1,263,76,1,SF
2495461,2015,0,10,2,0,CLE
2495461,2014,0,19,10,0,SD
2495461,2013,0,2,4,0,BAL
2532790,2016,0,-3,2,0,SD
2532790,2015,0,12,4,0,CLE
2532790,2014,0,11,3,0,CLE
2532790,2013,0,45,1,0,CLE
2495338,2014,0,-1,1,0,CIN
71417,2016,0,0,1,0,DEN
2556697,2016,0,7,2,0,PHI
2507166,2016,0,98,14,0,CAR
2507166,2015,0,60,4,0,CAR
2507166,2014,0,6,3,0,ARI
2507166,2013,0,29,4,0,CAR
2543475,2016,0,35,6,0,JAX
2543475,2015,0,38,5,0,JAX
2543475,2014,0,9,3,0,JAX
2552582,2016,8,1272,260,4,MIA
2552582,2015,1,187,49,0,MIA
2539217,2016,0,96,34,0,ARI
2539217,2015,3,289,45,1,ARI
2539217,2014,3,660,201,2,ARI
2539217,2013,3,652,118,1,ARI
2553630,2016,0,5,2,0,JAX
2495469,2016,0,283,64,1,NE
2495469,2015,2,234,49,0,NE
2534566,2016,0,-2,1,0,TEN
234,2016,7,813,218,1,NYJ
234,2015,4,898,218,1,CHI
234,2014,6,1038,266,1,CHI
234,2013,9,1339,289,2,CHI
2555426,2016,0,-1,1,0,BUF
2532831,2013,0,14,1,0,TB
2543715,2016,2,539,159,0,MIN
2543715,2015,2,271,52,0,MIN
2543715,2014,0,538,113,0,MIN
2552647,2015,0,0,1,0,NO
2553568,2016,0,6,1,0,CHI
2532903,2015,0,4,1,0,MIA
2532903,2014,0,3,1,0,MIA
2508097,2016,0,0,2,0,CLE
2508097,2014,0,15,3,0,CLE
2508097,2013,0,3,2,1,CIN
2541903,2014,0,2,1,0,WAS
497208,2014,0,38,13,0,MIN
497208,2014,4,333,106,0,CLE
497208,2013,4,771,181,4,HOU
2495425,2016,0,3,6,0,IND
2495425,2015,0,-3,3,1,GB
2495425,2013,1,55,5,0,GB
497176,2015,0,44,20,0,JAX
497176,2014,2,326,101,1,JAX
497176,2013,2,283,36,1,MIN
2506400,2013,0,0,1,0,TB
2540145,2016,0,43,7,0,MIN
2540145,2015,0,15,2,0,MIN
2540145,2014,1,117,10,0,MIN
2540145,2013,3,158,12,0,MIN
2556528,2016,0,24,7,0,NE
2552033,2016,1,165,53,4,TB
2552033,2015,6,213,54,3,TB
2556462,2016,0,42,3,0,NYJ
2541311,2013,0,3,2,2,DET
2540269,2016,4,437,110,0,DEN
2540269,2015,5,720,152,2,DEN
2540269,2014,8,849,179,0,DEN
2540269,2013,0,38,7,0,DEN
79858,2016,0,-2,4,0,DAL
79858,2015,0,22,6,0,PHI
79858,2014,1,87,34,4,PHI
2506581,2016,0,130,33,3,NYJ
2506581,2015,2,270,60,2,NYJ
2506581,2014,2,184,50,2,HOU
2506581,2013,3,225,43,1,TEN
2539265,2016,2,344,74,0,CIN
2539265,2015,0,4,4,1,CIN
2539265,2014,1,27,9,0,CIN
2556411,2016,0,20,15,0,IND
2556414,2016,6,704,168,0,WAS
2540230,2016,1,22,5,0,BAL
2540230,2015,0,3,2,0,BAL
2552369,2016,0,19,5,0,NYJ
284,2016,0,87,24,0,DAL
284,2015,3,1089,239,3,DAL
284,2014,2,534,155,1,LV
284,2013,5,379,114,1,LV
2495188,2013,0,8,1,0,HOU
2532842,2016,0,-4,4,0,KC
2532842,2015,1,20,17,2,LA
2532842,2014,0,68,16,1,PHI
2532842,2013,3,221,57,2,PHI
2553725,2016,0,2,1,0,LA
2555151,2016,0,0,1,1,SD
2540156,2016,2,337,91,0,CIN
2540156,2015,2,730,154,0,CIN
2540156,2014,5,680,168,0,CIN
2540156,2013,5,695,170,1,CIN
2539341,2014,1,172,55,1,DEN
2539341,2013,4,559,120,2,DEN
2556190,2016,0,1,1,0,MIA
2530598,2015,0,2,1,0,BAL
2530598,2014,0,-1,2,0,DET
2530598,2013,0,40,2,0,DET
2555465,2016,0,-12,2,0,PIT
2534437,2015,1,9,4,0,NO
2534437,2014,0,22,8,0,NO
2539326,2013,1,107,19,2,GB
2540171,2015,4,315,76,1,DAL
2540171,2014,3,343,51,2,DAL
2540171,2013,2,164,54,0,DAL
2532921,2015,0,-1,1,0,CAR
2536532,2015,0,0,1,0,TB
2536532,2014,0,58,3,0,TB
2552471,2016,1,465,130,2,JAX
2552471,2015,2,740,182,0,JAX
2507237,2014,0,-1,1,0,TEN
2556214,2016,3,267,24,0,KC
2552636,2015,0,2,4,0,DET
2539987,2016,0,30,1,0,DAL
497326,2016,0,4,10,1,DET
497326,2015,0,41,6,0,DET
497326,2014,0,30,5,0,DET
497326,2013,0,31,3,0,SEA
222,2015,0,-6,1,0,TEN
2553432,2016,0,9,1,0,CHI
2553439,2016,1,50,19,1,SF
2553439,2015,0,58,35,0,SF
2504531,2015,0,99,20,1,PIT
2504531,2014,0,153,26,2,NYJ
2504531,2013,2,306,36,1,PHI
2556454,2016,0,27,10,0,NYJ
2543751,2016,0,0,1,1,CHI
497246,2015,0,0,1,0,NO
2495443,2016,0,-6,5,0,BAL
2495443,2015,0,4,1,0,BAL
2495443,2015,1,11,4,0,HOU
2495443,2014,0,-2,6,0,HOU
2550163,2016,0,72,3,0,BAL
2550163,2015,1,17,2,0,BAL
2495189,2014,0,86,4,0,NYJ
2495189,2013,0,11,4,0,NYJ
2550272,2016,1,50,2,0,KC
2550272,2015,0,26,5,0,KC
2495473,2016,1,158,33,1,NYG
2495473,2015,0,260,61,0,NYG
2495473,2014,2,391,96,0,NE
2495473,2013,1,208,44,1,NE
2539936,2013,0,183,49,0,HOU
2495441,2016,2,173,40,0,SF
2495441,2015,1,185,32,2,SF
2495441,2014,0,5,1,0,SF
2495441,2013,0,32,9,0,JAX
2541768,2014,0,-2,1,0,NE
2541768,2013,0,2,1,0,TB
264,2013,0,20,7,1,CIN
2539335,2016,0,9,2,0,NYJ
2539335,2015,0,34,2,0,NYJ
2539335,2014,1,238,59,5,NYJ
2539335,2013,6,366,72,3,NYJ
2539287,2016,0,-4,6,0,PIT
2539287,2015,0,-5,5,0,PIT
2555334,2016,1,16,8,0,LA
2495504,2013,0,21,4,0,ARI
2543746,2016,0,5,1,0,TB
2543746,2016,0,10,3,0,PHI
2543746,2014,0,7,1,0,PHI
2555461,2016,1,312,77,1,PHI
2506562,2016,0,3,4,0,TEN
2506562,2015,0,78,15,2,DAL
2506562,2014,0,18,9,2,MIN
2506562,2013,1,57,18,1,MIN
81300,2013,0,-2,3,2,NYG
2541832,2015,0,2,1,0,DAL
2543497,2015,0,31,14,1,CIN
2551247,2014,0,16,9,0,PIT
252,2016,0,-2,1,0,JAX
252,2014,0,25,4,0,JAX
252,2013,0,77,27,1,JAX
2553467,2016,0,7,1,0,IND
2543801,2016,0,6,10,1,NE
2543801,2015,0,-5,5,0,NE
2543801,2014,0,9,10,0,NE
2507999,2016,3,439,117,5,JAX
2507999,2015,7,1070,247,3,NYJ
2507999,2014,6,821,198,2,NYJ
2507999,2013,3,833,182,2,NYJ
2555220,2016,0,4,2,0,SD
2507278,2014,1,9,5,0,TEN
2507278,2013,1,142,36,0,TEN
79555,2016,0,55,22,1,MIA
79555,2015,1,163,63,2,HOU
79555,2014,8,1246,260,2,HOU
79555,2013,1,542,121,0,HOU
2539275,2014,0,49,10,1,TB
2539275,2013,0,37,27,4,TB
2495448,2016,0,33,10,0,GB
2495448,2015,0,50,13,0,GB
2495448,2014,0,37,11,0,GB
2495448,2013,0,78,4,0,GB
2543466,2016,1,1,1,0,DET
2495471,2016,2,560,129,0,TB
2495471,2015,0,41,14,0,CHI
2495471,2014,1,217,58,1,ATL
2495471,2013,2,332,96,0,ATL
2506363,2016,4,369,67,3,GB
2506363,2015,1,344,58,0,GB
2506363,2014,2,269,43,3,GB
2506363,2013,0,120,30,1,GB
2556415,2016,0,0,1,0,GB
2533436,2016,2,131,30,2,HOU
2533436,2015,1,61,21,1,DEN
2533436,2014,0,0,8,0,DEN
2533436,2013,0,2,3,0,DEN