494261,2016,1,4,95,CAR
494261,2015,1,7,90,CAR
494261,2014,0,3,37,KC
2550164,2016,0,1,25,LV
2550164,2015,0,1,52,LV
2550164,2014,0,1,44,LV
2508043,2016,0,2,33,LV
2508043,2015,0,1,11,LV
2508043,2014,1,4,62,PHI
2508043,2013,1,1,82,PHI
2532877,2016,0,1,57,LA
2532877,2015,0,7,71,LA
2532877,2014,0,3,36,LA
2532877,2013,0,3,68,LA
496949,2015,0,2,43,WAS
496949,2013,3,1,115,WAS
2495809,2016,0.5,1,41,WAS
2495809,2015,1,2,49,WAS
2495809,2013,1,1,40,JAX
71251,2016,1,1,91,NE
71251,2014,0,1,85,NE
2552263,2016,0,1,41,GB
2552263,2015,1,2,31,GB
1037913,2015,0,1,7,CAR
1037913,2014,1,2,60,ATL
2550257,2016,1,3,63,KC
71279,2014,1,1,63,MIA
71279,2013,2,3,64,DET
2552389,2016,0,3,39,GB
2552389,2015,0,3,58,GB
2506029,2016,0,1,35,TB
2506029,2015,3,1,121,BAL
2506029,2014,1,1,128,BAL
2506029,2013,5,3,123,BAL
2536032,2014,0,2,91,CIN
2541837,2016,1,1,14,CHI
2541837,2014,0,1,39,CHI
2539292,2014,5.5,1,19,SEA
2532986,2015,2,1,50,DET
2532986,2014,0,2,86,DET
2507471,2016,0,2,48,CHI
2507471,2015,0,1,35,CHI
2507471,2013,1.5,2,67,LV
238227,2016,0,1,77,PIT
238227,2015,0,3,80,PIT
238227,2013,3.5,4,66,CAR
2506921,2013,3.5,1,135,DET
2553796,2016,1,1,26,WAS
2553796,2015,0,1,13,WAS
306,2016,1,6,49,NYG
306,2015,0,3,58,NYG
306,2014,0,2,38,NYG
306,2013,0,3,31,DEN
2534832,2016,1,3,83,PHI
2534832,2015,0,1,82,LA
2534832,2014,0,2,72,LA
2534832,2013,0,2,79,LA
2507917,2016,0,1,59,SF
2507917,2015,0,3,53,SF
2507917,2013,0,5,37,SF
2533062,2016,0,5,48,BUF
2533062,2015,0,3,36,BUF
2533062,2014,0,3,46,BUF
2533062,2013,0,2,35,BUF
2495281,2013,2,3,92,TB
2543769,2015,3,1,112,ARI
2552255,2016,0,1,26,NE
2552255,2015,0,1,31,PHI
496792,2015,6,1,35,DAL
2540217,2016,0,1,4,BAL
2555174,2016,0,1,7,ARI
2540277,2015,1.5,1,36,TEN
2540277,2013,1,1,23,CHI
71353,2015,0,5,61,ARI
71353,2014,1,4,92,ARI
71353,2013,0,3,58,ARI
496941,2015,2,1,80,DAL
496941,2014,1,2,81,DAL
2495324,2013,1.5,1,38,SD
79899,2016,0,2,82,NO
79899,2015,1,1,53,NO
79899,2013,1,4,48,BUF
2539223,2015,0,1,108,JAX
2539223,2013,1,1,104,JAX
2532826,2015,4,1,49,GB
2555299,2016,0,1,76,TB
2532786,2013,1,1,63,NYJ
2543823,2014,0,2,70,LA
494259,2016,0,2,85,DAL
494259,2014,0,2,97,DAL
494259,2013,0,1,135,DAL
496739,2016,0.5,1,51,MIA
496739,2015,2,5,135,MIA
496739,2014,1,3,80,MIA
496739,2013,1.5,1,107,MIA
2508077,2016,0,1,6,CAR
2541792,2016,0,1,8,SF
2506353,2016,1,1,90,KC
2506353,2015,4,2,116,KC
2506353,2013,4.5,2,107,KC
2530658,2016,1,2,78,MIA
2508063,2015,6.5,1,30,CHI
496953,2013,0,1,86,NE
2539311,2016,1,2,43,NE
2539311,2015,5.5,1,89,NE
2539311,2014,4,2,116,NE
2495775,2016,1,4,89,BAL
2495775,2014,0,1,114,SD
2495775,2013,1,2,115,SD
2532875,2016,1,3,49,NYG
2532875,2015,0,3,64,LA
2532875,2014,0,2,59,LA
2532875,2013,1,1,61,LA
754,2016,0,1,28,SD
754,2014,0,3,52,SD
754,2013,1,1,68,KC
2541135,2016,0,1,14,LA
2553657,2015,0,1,39,MIA
2543724,2014,0,1,15,MIA
2543486,2016,3.5,3,87,PIT
2543486,2015,3.5,1,87,PIT
2495170,2015,0,4,60,JAX
2495170,2014,0,1,27,GB
2495170,2013,1,1,44,GB
2539338,2016,0,1,28,NO
2539338,2015,0,1,22,TEN
2514414,2015,3,1,112,IND
2514414,2013,5.5,2,126,IND
2541635,2014,0,3,19,HOU
1357,2014,0,1,49,CAR
2507727,2014,0,1,17,BAL
71423,2013,10,1,60,WAS
2543850,2016,0,2,90,ATL
2543850,2015,1,3,68,ATL
2534846,2015,0,1,40,LV
2533538,2015,12.5,1,44,NE
494315,2015,2,3,71,PHI
494315,2013,1,1,33,SEA
2495153,2016,0,2,55,NYJ
2495153,2015,0,3,82,NYJ
2495153,2014,1,1,76,SD
2495153,2013,1,2,77,SD
2552454,2016,4,5,125,NYG
2552454,2015,0,1,112,NYG
744,2016,8,1,53,ARI
744,2014,7,1,58,ARI
2508084,2015,0,1,49,SD
2508084,2014,0,2,39,NO
2505573,2013,1,2,77,ARI
2506893,2014,1,4,62,CAR
2506893,2013,0,1,39,NO
2495677,2016,1,1,21,SD
2531081,2013,4.5,1,21,SD
2540143,2016,0,2,136,LA
2540143,2014,0,2,111,LA
2540143,2013,1.5,1,117,LA
2543626,2014,0,1,9,TB
2532972,2016,0,2,30,BUF
2532972,2014,1,2,53,NO
2532972,2013,0,1,41,NO
2508121,2013,0,1,28,CAR
494257,2016,0,2,85,SEA
494257,2015,0,2,74,SEA
494257,2014,0,1,78,SEA
494257,2013,0,3,99,SEA
2540155,2016,0,5,52,MIN
2540155,2015,0,1,58,MIN
2540155,2014,0,1,49,MIN
2543493,2016,0,1,13,SD
2543493,2015,0,3,47,SD
2543493,2014,0,1,19,SD
2505552,2016,0,1,38,MIN
2505552,2015,0,3,62,MIN
2505552,2014,0,1,72,CIN
2505552,2013,0,2,52,CIN
2532794,2014,0,1,106,MIN
2506154,2013,0,1,16,NO
2553897,2016,0,1,78,CHI
2553897,2015,0,1,25,CHI
237680,2014,1,2,57,IND
237680,2013,0,1,23,IND
2555161,2016,1,1,69,GB
2541688,2015,1,1,18,SEA
2541688,2014,1,1,35,SEA
2539219,2014,0,1,57,TEN
2543483,2015,6.5,1,54,PIT
2555569,2016,0,1,25,SD
2555162,2016,0,3,108,ATL
80680,2016,1,2,33,BAL
80680,2015,1,1,52,ARI
80680,2014,1,3,53,ARI
80680,2013,0,1,65,ARI
2508083,2013,1,1,23,ARI
2532948,2015,1.5,2,66,MIN
2532948,2014,3,5,92,MIN
2532948,2013,0,2,58,MIN
80636,2014,0,1,61,PHI
80636,2013,0,2,70,PHI
2552570,2016,0,1,31,SD
2552448,2016,0,3,50,MIN
2543711,2016,1,2,118,JAX
2543711,2015,2.5,1,128,JAX
2543711,2014,2,1,104,JAX
2543469,2015,0,2,69,NYJ
2539943,2016,2,3,66,ARI
2539943,2014,1,2,73,HOU
2539943,2013,0,1,71,HOU
71383,2014,0,1,16,JAX
79527,2015,0,1,27,NO
2554352,2016,0,2,14,SD
2543681,2015,0,2,55,CHI
2543681,2014,0,4,64,CHI
79897,2016,0,3,33,IND
79897,2015,0,1,50,IND
79897,2013,0,4,54,IND
2552261,2015,0,1,54,HOU
2532789,2016,1,2,118,LA
2532789,2013,2,2,88,TB
2550312,2014,1.5,1,17,NYG
2555315,2016,0,1,28,DET
2541958,2016,0,1,50,SD
2506789,2016,0,1,36,CLE
2506789,2015,0,1,69,CLE
2506789,2014,0,3,70,GB
2506789,2013,2.5,3,83,GB
2530790,2016,0,1,12,SEA
2552297,2016,2.5,1,16,NYJ
496959,2013,3,2,75,ARI
2552276,2016,4.5,1,38,WAS
2532798,2015,1,1,25,PIT
2532798,2014,0,1,42,PHI
2532798,2013,0,6,47,PHI
2532828,2016,5,1,87,TB
2532828,2015,3,3,147,TB
2532828,2013,7,5,145,TB
2506931,2014,5.5,1,41,BUF
2507430,2013,2,1,62,NE
2505940,2015,0,1,5,CHI
2539262,2014,0,4,50,TB
2539262,2013,0,3,55,TB
2543474,2015,0,1,20,CIN
2506879,2014,2,2,31,BAL
2556587,2016,0,2,44,CHI
2550196,2015,3,1,24,GB
496733,2016,0,3,48,CLE
496733,2014,0,3,73,CLE
496733,2013,0,4,54,CLE
2530794,2016,0,1,61,KC
2530794,2015,5,3,78,KC
2530794,2014,1,1,94,KC
2530794,2013,1,2,17,KC
2552568,2016,0,1,88,DAL
2535693,2016,0,1,22,DET
1363,2013,4,2,112,MIN
2532961,2015,0,2,109,DEN
2532961,2013,2,3,129,DEN
2555555,2016,0,1,11,KC
2543712,2016,0,1,5,PHI
494275,2013,0,1,5,MIN
2532989,2015,3.5,1,37,MIA
2532989,2014,3,1,26,MIA
2540219,2016,0,1,49,DAL
2540219,2015,0,1,53,DAL
2540219,2014,0,3,74,DAL
2506600,2013,1,4,19,MIA
238466,2016,0,2,38,TEN
238466,2015,0,1,39,MIA
238466,2014,0,3,25,PIT
238466,2013,0,1,32,HOU
2539269,2014,0,1,52,BUF
2507784,2013,3.5,1,56,CIN
2495339,2016,0,1,40,TEN
2495339,2015,0.5,1,55,TEN
2495339,2014,0.5,3,65,BUF
2495339,2013,3.5,1,71,BUF
2552299,2015,3,1,36,CLE
2543699,2016,1,1,29,NE
79605,2015,1,2,58,KC
2495310,2016,0,2,53,MIA
2495310,2015,0,2,64,PHI
2495310,2014,0,2,39,SEA
2495310,2013,0,4,28,SEA
2539982,2015,1,1,55,CAR
2533058,2016,2,2,101,CIN
2533058,2015,1,2,74,CIN
2533058,2013,3,1,171,CIN
81879,2016,1,1,73,BAL
81879,2015,0,1,54,BAL
81879,2014,0,1,46,BAL
81879,2013,0,2,74,BAL
2543739,2014,0,1,34,SF
2540013,2016,0,1,106,WAS
2540013,2015,1,1,96,WAS
2532898,2015,1.5,1,102,DEN
2532898,2014,2,1,113,DEN
2539935,2016,0,2,115,MIA
2539935,2015,0,1,43,PHI
2539935,2013,2,4,159,BUF
2507220,2016,1,1,58,PIT
2507220,2015,1,2,58,PIT
2507220,2014,0,3,69,PIT
2507220,2013,1,1,63,PIT
2505949,2014,4,1,40,CAR
2495585,2014,0,1,23,SF
2506937,2013,1,1,100,NYJ
4267,2014,1.5,3,82,TB
2508007,2013,0,1,46,MIN
2533008,2013,1,1,107,NYJ
2532861,2016,0,7,58,SD
2532861,2014,0,3,42,GB
2505221,2013,0,3,22,NYJ
2531177,2016,0,2,56,NO
2531177,2015,0,1,45,TB
2531177,2013,0,1,5,DAL
2354,2016,2,1,57,TEN
2354,2014,2.5,2,94,TEN
2354,2013,1.5,1,84,DEN
80431,2015,6.5,1,66,GB
80431,2014,11,1,61,GB
2552316,2016,0,1,28,WAS
2555394,2016,1,1,88,CAR
2543799,2015,0,2,44,PIT
2543874,2016,1,2,48,HOU
2543874,2015,0,4,36,HOU
2495613,2016,1,1,87,BUF
2495613,2015,1,2,127,BUF
2495613,2014,0,2,84,BUF
2495613,2013,1,4,74,BAL
2532838,2015,0,1,2,IND
494287,2016,0,1,83,NE
494287,2015,1,1,64,NE
494287,2014,0,2,68,NE
494287,2013,0,1,69,NE
2552321,2015,1,1,112,NO
2552296,2015,1,1,25,SD
208,2014,0,2,58,CAR
208,2013,0,2,14,ARI
2532966,2016,4.5,1,167,SEA
2532966,2013,5,2,120,SEA
2508107,2015,1,3,54,BAL
2508107,2014,0,1,28,BAL
2508107,2013,0,2,58,BAL
2495218,2014,3,1,41,HOU
494254,2016,0,1,55,PHI
494254,2015,0,2,57,PHI
494254,2013,2,3,47,MIA
496865,2013,0,1,23,SD
2543597,2016,2,1,104,TEN
2543597,2015,3.5,1,102,TEN
2506056,2014,1,1,21,CIN
2534822,2015,0,1,40,PIT
2506088,2015,4,1,80,PIT
2506088,2013,0,1,34,PIT
2506088,2013,0,1,9,DAL
2552259,2016,0,1,56,CIN
2540199,2014,0,1,13,SEA
2552391,2015,2,1,65,SF
2539325,2014,1.5,1,21,GB
2507869,2014,0,2,18,DET
2507869,2013,0,3,30,IND
2495490,2013,10.5,1,63,NYJ
2532976,2014,0,1,31,CLE
2532890,2013,4,3,106,PHI
2532431,2016,1,1,115,NO
2532431,2015,0,1,59,CLE
2532431,2014,0,2,99,CLE
2532431,2013,3,1,85,CLE
2495869,2013,0,4,57,CHI
79848,2016,1,3,72,PHI
79848,2015,0,2,109,PHI
79848,2014,0,3,80,PHI
79848,2013,2.5,2,68,NO
2556456,2016,0,1,46,NYG
496961,2013,2,1,42,TB
2540291,2013,0,1,41,DEN
494277,2014,0,2,84,HOU
494277,2013,0,1,56,KC
2507982,2014,0,1,24,IND
2507982,2013,0,1,12,IND
2533059,2016,0,1,26,DAL
2533059,2014,0,1,7,DAL
2533059,2013,0,1,26,DAL
2507783,2016,0,2,40,LV
2507783,2015,0,2,45,KC
2507783,2014,0,1,50,KC
2507783,2013,0,2,47,KC
2535609,2016,0,1,81,SEA
2535609,2015,1,1,55,SEA
2495343,2016,1,1,47,NYJ
2495343,2015,0,1,56,NYJ
2495343,2014,0,4,67,CLE
2495343,2013,1,1,65,CLE
2543775,2014,1,1,23,ATL
2495199,2013,0,1,55,TEN
2552689,2015,0,2,68,BUF
2552488,2016,0,6,45,KC
2552488,2015,0,8,60,KC
2539290,2015,1,2,43,CLE
2507119,2013,5.5,1,112,LV
2543855,2016,0,1,10,CAR
2543855,2014,0,1,33,CAR
71365,2014,2.5,1,151,DET
71365,2013,0,6,119,DET
4365,2016,0,1,61,DAL
4365,2013,0,3,71,DAL
2543656,2015,0,1,21,PHI
80668,2015,1,2,55,MIN
80668,2014,0,2,61,MIN
80668,2013,3.5,2,74,CAR
1037896,2013,2,1,24,SD
280,2016,0,1,60,SD
280,2015,1,4,76,IND
280,2014,1,2,79,ATL
2541756,2016,0,1,24,LV
1037374,2015,0,3,39,GB
1037374,2014,0,2,40,GB
1037374,2013,0,4,61,GB
2506881,2016,0,1,41,MIN
2506881,2015,2.5,1,68,MIN
2506881,2013,3,3,134,MIN
71249,2015,2,1,88,NYG
496723,2016,0,4,77,KC
496723,2015,0,2,61,KC
496723,2013,3.5,3,74,KC
2495136,2014,1,5,68,DAL
2538147,2016,0,1,4,CIN
2538147,2015,0,0,4,CIN
2540137,2016,1,1,42,PIT
2540137,2015,2,1,29,PIT
2508088,2016,1,1,35,SF
2508088,2013,5,2,145,SF
80421,2013,1.5,1,48,HOU
2553607,2015,0,1,33,ATL
71441,2016,0,2,68,DET
71441,2015,0,4,67,DET
71441,2014,0,7,73,DET
71441,2013,2,3,57,DET
2505472,2013,0,1,30,ATL
2506889,2015,3,1,150,IND
2506889,2013,1.5,1,141,CLE
2495717,2016,0,1,53,NYJ
2495717,2015,0,5,39,NYJ
2495717,2014,0,2,47,NE
2495717,2013,1,2,50,TB
2549981,2015,0,3,65,SF
2505116,2014,2,1,83,ARI
2553488,2015,0,1,36,CHI
71197,2013,5,1,59,PHI
2540180,2016,1,1,35,ARI
2540180,2015,1,5,89,ARI
2540180,2014,0,1,38,ARI
2540180,2013,1,2,68,ARI
494265,2016,0,3,42,TEN
494265,2015,0,1,30,TEN
494265,2014,0,5,53,SF
2550236,2015,0,1,13,DAL
2495614,2015,1,1,101,TEN
2495614,2014,3,2,112,TEN
2495614,2013,0,1,82,TEN
2550262,2016,0,1,70,GB
2507180,2013,2.5,1,26,LV
2539946,2014,0,1,55,JAX
2539946,2013,0,2,32,JAX
89758,2014,5,1,45,TB
89758,2013,5.5,1,35,SEA
2307,2016,2,1,46,DAL
2307,2014,1,2,55,DAL
2307,2013,2,2,64,DAL
2555175,2016,0,2,59,CAR
2543592,2014,0,1,75,DAL
2541629,2016,0,1,35,IND
2541629,2014,0,1,31,HOU
497286,2015,0,1,10,BUF
2499257,2015,0,1,21,CAR
2505923,2013,10,1,35,DEN
2540288,2016,1,2,44,DET
2540288,2015,0,2,59,DET
2540288,2014,0,2,61,DET
2533542,2014,0,3,41,MIN
2534866,2013,0,1,28,SF
494307,2016,0,3,68,DEN
494307,2015,0,1,63,DEN
494307,2014,0,1,53,BAL
2495712,2016,1.5,1,133,JAX
2495712,2015,1,3,133,JAX
2495712,2013,3,2,162,JAX
2495108,2015,0,1,63,NYG
2495108,2014,0,3,46,NYG
2495108,2013,0,1,85,NYG
2543461,2016,5,1,31,BAL
2555255,2016,0,1,48,ATL
2495177,2014,1.5,2,40,NYJ
89756,2016,0,2,69,TEN
89756,2014,0,3,85,TEN
2550613,2016,1,4,63,NE
2550613,2015,0,2,67,NE
2539266,2016,1,1,52,TEN
2539266,2014,1,1,32,TEN
2540162,2016,1,2,92,NE
2540162,2015,0,4,74,NE
2540162,2014,0,2,42,NE
2540162,2013,1.5,5,35,NE
2530491,2014,0,1,22,DET
2532878,2014,0,1,45,TB
2532878,2013,0,1,62,TB
2540152,2016,0,1,62,SF
2540152,2014,0,3,41,SF
2540152,2013,0,4,77,SF
2541162,2016,1,1,63,HOU
2541162,2015,0,2,16,HOU
2541162,2014,0,3,59,HOU
2543464,2016,0,4,92,BAL
2543464,2014,3,2,133,BAL
2506883,2013,11,1,46,KC
2539240,2016,1,3,58,GB
2539240,2015,1,3,55,GB
2539240,2014,1,2,59,GB
79852,2016,0,1,27,CIN
79852,2015,0,1,75,CIN
79852,2014,0,1,59,CIN
79852,2013,1,1,75,CIN
2534761,2013,1,1,4,JAX
326,2013,1,1,67,NYG
2540170,2016,0,2,64,LV
2540170,2015,0,4,58,LV
2540170,2013,0,2,48,WAS
496937,2015,2.5,1,128,DAL
496937,2013,0,4,99,DAL
79844,2013,1,2,101,MIA
2539319,2014,8,1,30,ARI
2506472,2013,0,1,14,LA
2506398,2015,1.5,1,30,ATL
2505492,2013,7.5,1,47,ATL
2550842,2016,0,1,38,SD
2550842,2015,0,1,19,SD
2539234,2016,0,1,42,MIA
2539234,2015,1,1,62,BUF
2539234,2014,0,2,2,BUF
2540140,2015,0,1,24,CLE
2555344,2016,0,3,65,PIT
2543505,2016,1,2,39,DEN
2543505,2015,0,1,40,DEN
2543505,2014,1,2,65,DEN
2495201,2015,6,1,53,CHI
2532946,2015,0,2,60,TEN
2505625,2015,0,2,55,CAR
2505625,2013,0,3,41,CHI
2552315,2016,1,5,85,PHI
2552315,2015,1,2,50,PHI
2505506,2013,0,2,26,CAR
2533056,2016,2,1,102,CAR
2533056,2015,1,4,118,CAR
2533056,2014,3,1,153,CAR
2533056,2013,2,4,156,CAR
494267,2014,0,1,4,TEN
2550605,2016,1,2,33,NYJ
2550605,2015,1.5,6,27,NYJ
2550605,2014,0,1,36,NYJ
2525323,2016,0.5,2,69,MIN
2525323,2015,0.5,1,74,MIN
2525323,2013,0,1,84,MIN
494323,2016,1,1,87,DEN
494323,2014,2,2,74,DEN
494323,2013,1.5,2,112,CLE
2541243,2016,0,1,29,NE
2541243,2015,0,3,20,NE
2541243,2014,0,1,12,NE
2541243,2013,0,2,31,NE
494317,2016,0,1,16,TB
494317,2015,0.5,1,56,TB
494317,2014,0,2,76,TB
494317,2013,0,5,57,TEN
2530510,2016,0,2,63,DEN
2530510,2015,0,2,58,DEN
2530510,2014,1,3,54,DEN
2530510,2013,0,3,65,DEN
2532848,2016,0,1,41,JAX
2532848,2015,0,2,60,CLE
2532848,2014,0,6,52,CLE
2532848,2013,0,5,95,CLE
2532920,2016,0,3,67,WAS
2532920,2015,0,4,56,CAR
2532920,2014,0,2,48,CAR
2507469,2013,0,2,65,LV
2495872,2015,0,1,58,HOU
2495872,2014,0,2,75,HOU
2495872,2013,0,3,47,HOU
2506314,2016,11.5,1,29,MIA
2552492,2016,0.5,1,23,MIA
2539237,2015,1,1,70,LV
2539237,2014,0,1,47,LV
2539237,2013,0,1,25,LV
2543851,2016,0,1,44,KC
2543484,2016,5,1,32,CAR
2552317,2016,0,1,33,MIA
4483,2013,5,1,28,LA
2508110,2015,0,1,15,BUF
2508110,2014,0,1,76,BUF
2508110,2013,0,4,82,BUF
2539966,2013,0,1,45,PHI
2507817,2016,1,2,53,DET
2495507,2016,0,4,58,SEA
2495507,2015,0,2,50,SEA
2495507,2014,0,4,57,SEA
2495507,2013,0,8,48,SEA
2506779,2016,2,1,17,MIN
2543814,2015,0,2,120,BUF
2543814,2014,0,1,109,BUF
2495493,2015,7.5,2,30,KC
2555551,2016,0,1,22,TEN
2532871,2014,6.5,2,37,SEA
2532871,2013,2,1,40,SEA
2555345,2016,1,1,34,WAS
2552310,2016,2,1,72,SD
2552434,2016,1,1,45,MIA
2540287,2015,0,1,24,NYJ
2539293,2016,3,2,83,SF
2539293,2014,0.5,1,66,MIN
2506861,2016,0,4,57,TB
2506861,2015,0,4,49,MIA
2506861,2014,0,5,57,MIA
2506861,2013,0,4,60,MIA
2540153,2013,0,1,77,BAL
2555546,2016,0,1,28,SF
2553605,2015,1,2,8,BUF
2539233,2016,1,3,81,CIN
2539233,2015,0,2,32,CIN
2495184,2014,7.5,1,51,NO
2550145,2016,1,2,50,LA
496727,2016,3,2,93,GB
496727,2014,1.5,1,130,GB
2533459,2016,1,1,58,NO
71459,2015,0,1,14,NO
2506108,2013,0,4,78,WAS
2534834,2015,0,2,13,SEA
2495611,2015,0,1,110,WAS
2495611,2013,0,1,72,TB
2556445,2016,1,1,59,ATL
2553710,2016,0,1,11,WAS
2539277,2015,0.5,1,83,SD
2539277,2014,1,1,60,SD
2555547,2016,0,1,1,CIN
2534830,2016,1,2,89,DET
2534830,2013,0,1,3,NE
2532858,2014,1,1,21,NYG
2539196,2013,0,3,21,CAR
2541431,2015,0,1,46,ATL
2541431,2014,0,4,97,ATL
496963,2013,0,1,38,ATL
2532792,2016,0,1,39,ARI
2532792,2015,0,2,46,ARI
2550659,2014,0,1,8,DAL
2507167,2016,0,5,65,LV
2507167,2015,0,8,77,CIN
2507167,2014,1.5,4,95,CIN
2507167,2013,1,2,65,CIN
2550442,2014,0,1,10,LA
2495251,2013,0,1,56,SD
2507277,2014,0,1,48,MIA
496735,2016,0,1,62,HOU
496735,2015,0,2,58,HOU
496735,2014,0,3,57,HOU
2556475,2016,1,3,43,CLE
2555421,2016,8,1,22,JAX
2495503,2015,0,1,16,HOU
2495503,2014,0,4,49,DEN
2495503,2013,0,2,44,DEN
2552301,2015,4,1,26,ATL
2532804,2016,4,1,149,BUF
2532804,2015,0.5,2,77,TEN
2532804,2013,4,1,91,TEN
2552320,2016,0,1,76,KC
2543741,2016,1,1,53,SF
2543741,2015,1,1,57,SF
2506352,2016,2.5,3,106,CAR
2506352,2015,5.5,4,105,CAR
2506352,2013,4,2,123,CAR
2552427,2016,0,4,67,MIA
2507301,2015,1,1,63,DET
2507301,2014,2,4,71,DET
2507301,2013,0,3,101,BAL
2543571,2016,1,3,73,WAS
2543571,2015,0,2,81,WAS
2543571,2014,0,2,66,WAS
2495597,2014,0,1,49,DAL
2555313,2016,0,1,16,NYJ
2540164,2015,2,2,78,ARI
2543637,2015,1,1,12,DAL
2495617,2016,2,1,31,NYG
2495617,2015,0,2,55,CIN
2495617,2014,0,1,67,CIN
2495617,2013,0,1,20,CIN
2552592,2016,3,1,145,TB
2552592,2015,3,2,93,TB
2550557,2014,0,1,2,WAS
2495762,2016,2.5,2,114,PIT
2495762,2015,5,1,119,PIT
2495762,2013,3,2,126,PIT
2555378,2016,0,2,53,BAL
1681,2015,1,1,43,KC
2508132,2014,0,2,84,JAX
2505708,2016,0,2,79,IND
2505708,2015,1,5,75,IND
2505708,2014,0,5,87,IND
2505708,2013,0,1,64,DEN
2506112,2015,0,3,108,CLE
2506112,2014,3,1,93,CLE
2506112,2013,6.5,4,122,ARI
2499278,2016,0,1,103,LV
2499278,2015,4,1,122,LV
2499278,2013,1,2,54,SEA
2495488,2014,20.5,1,78,HOU
2539309,2016,1,2,64,LA
2539309,2014,2,1,105,LA
2539309,2013,1,1,53,LA
2539243,2016,0,2,91,TB
2539243,2015,0,2,87,TB
2539243,2014,0,1,50,TB
2555342,2016,0,1,60,LV
2507010,2013,8.5,1,60,SF
2543463,2016,11,1,73,LV
2552312,2016,2.5,1,109,MIN
2495338,2014,0,1,0,CIN
2541535,2015,0,2,95,ATL
2532940,2015,0,1,63,WAS
2532940,2014,1.5,1,109,WAS
2555366,2016,0,1,9,CHI
2534741,2016,0,4,57,TB
2534741,2014,0,1,8,TB
2534741,2013,0,3,40,TB
2506345,2016,0,1,66,CIN
2506345,2015,1,3,62,CIN
2506345,2014,0,3,63,CIN
2506345,2013,0,3,56,CIN
2505916,2014,0,1,47,NE
2539932,2016,0,3,57,CLE
2495101,2014,1,1,31,ARI
2552447,2016,0,1,56,CAR
2534566,2015,1,2,76,PIT
2534566,2014,0,1,42,PIT
2532800,2016,2,1,102,PHI
2532800,2014,2.5,1,104,BUF
2539320,2016,1,2,68,NO
2539320,2014,1,2,74,NO
2539320,2013,1,1,79,NO
2555531,2016,0,1,55,DAL
1037889,2015,0,1,38,ATL
1037889,2014,0,1,24,NYJ
2555280,2016,0,2,65,JAX
2506349,2014,10,1,40,DEN
2506349,2013,6,1,40,DAL
2507948,2013,2,1,27,KC
2504844,2016,5,1,53,PIT
2504844,2015,5,1,40,PIT
2504844,2013,2,1,30,CIN
2555550,2016,1,2,30,DEN
2543470,2016,0.5,5,80,GB
2543470,2015,3,2,100,GB
2543470,2014,1,1,92,GB
2506268,2016,12.5,1,76,BUF
2541202,2016,0,4,69,ARI
2541202,2013,0,3,44,KC
2543776,2014,1,1,18,TEN
2505510,2015,0,1,5,ARI
2508080,2016,0,2,48,SEA
2508080,2015,0,5,64,SEA
2508080,2014,0,1,97,SEA
2508080,2013,0,5,105,SEA
496903,2013,0.5,1,84,SD
2495188,2015,0,1,5,DEN
2495188,2013,0,1,63,HOU
2543487,2014,1,1,10,NE
4515,2013,2,1,19,WAS
2555386,2016,1.5,1,70,PIT
2539653,2016,0,2,61,ATL
2539653,2015,0,2,53,ATL
2539653,2014,0,3,31,ATL
2539653,2013,0,2,40,ATL
2552615,2015,0,3,45,NO
496895,2013,0.5,1,63,IND
1344,2015,2,1,36,SEA
2530868,2015,0,2,2,MIN
2540197,2016,0,2,35,BUF
2540197,2013,3,1,39,BUF
2495807,2016,0,1,110,SF
2495807,2014,1,4,86,SF
2495807,2013,1,2,110,IND
2532869,2016,0,3,74,CIN
2532869,2015,0,1,47,CIN
2532869,2014,0,3,74,CIN
2532869,2013,0,1,66,CIN
496843,2013,2,1,27,NYG
2495669,2015,0,3,26,NYG
2495669,2014,1,1,21,NYG
2495669,2013,0,2,37,NYG
2495262,2016,1,1,83,SF
729,2014,0,1,71,KC
729,2013,0.5,1,27,KC
2507843,2016,0,1,86,CIN
2507843,2015,1,1,98,CIN
2507843,2013,4,2,57,CIN
496833,2013,5,1,47,GB
79901,2016,0,1,37,IND
79901,2015,0,4,48,IND
79901,2014,0,4,42,IND
79901,2013,0,1,46,IND
1037852,2015,1.5,1,24,LA
2533060,2016,0,3,46,CIN
2533060,2014,0,3,23,CIN
2533060,2013,1,3,30,CIN
2555277,2016,0,1,51,NYG
1298,2016,0,2,43,PHI
1298,2015,0,2,32,BUF
1298,2014,0,4,48,BUF
1298,2013,0,1,72,BUF
2552573,2016,0,2,31,ATL
1302,2016,0,3,43,DEN
1302,2015,0,3,45,DEN
1302,2014,1,4,64,DEN
1302,2013,0,4,41,NE
2532331,2015,0,1,85,SF
2532331,2014,0,2,87,SF
2539334,2016,2,1,31,ATL
2539334,2015,1,1,42,ATL
2539334,2014,0,3,61,ATL
2539334,2013,0,2,70,ATL
2505583,2015,0,1,31,DET
2505583,2014,0,1,51,DET
2532928,2015,0.5,2,36,HOU
2539978,2013,2,1,57,CHI
2543869,2015,0,1,58,NYG
2543830,2016,2,2,53,CAR
2543830,2014,0,1,26,CAR
2506279,2014,1,2,42,CLE
2506279,2013,0,4,41,BUF
2495504,2016,0,3,51,ARI
2495504,2015,0,2,35,ARI
2495504,2014,1,3,50,ARI
2495504,2013,0,3,42,ARI
2532832,2014,0,1,15,NE
2532832,2013,0,1,40,NE
2550299,2014,1,1,5,WAS
2495545,2013,0,1,93,NYG
2495272,2016,0,2,69,TB
2495272,2015,0,2,79,TB
2495272,2014,0,3,43,CHI
2495272,2013,0,3,90,CHI
2495988,2014,0,1,106,CLE
2495988,2013,0,2,73,SF
2541832,2016,0,1,23,DAL
2541832,2015,0,2,25,DAL
2541832,2013,0,1,60,DAL
2495920,2014,8,1,62,NE
2535687,2013,0,1,3,MIA
2556278,2016,0,1,22,DEN
2550412,2014,0,2,30,NO
2550631,2016,0,1,20,HOU
2495491,2016,2,1,21,IND
2495491,2014,4,1,20,NE
2495491,2013,1,1,49,TEN
2543459,2015,3.5,1,68,MIN
1974,2016,0,6,55,HOU
1974,2015,0.5,1,61,HOU
1974,2014,0,4,57,NYG
1974,2013,0,4,35,KC
2532937,2015,2,1,32,SD
2533048,2016,11,1,52,GB
2505207,2014,1,1,17,PIT
2505010,2014,7,2,44,GB
2505010,2013,7,1,45,CHI